"Affiliations","Articles"
"HARVARD UNIV","274"
"UNIV OXFORD","214"
"YALE UNIV","155"
"UNIV CAMBRIDGE","152"
"PRINCETON UNIV","151"
"UNIV PENN","142"
"STANFORD UNIV","132"
"UNIV CALIF BERKELEY","116"
"DUKE UNIV","114"
"UNIV CALIF LOS ANGELES","111"
"WASHINGTON UNIV","105"
"UNIV TORONTO","102"
"INST COGNIT NEUROSCI","94"
"UNIV CALIF SAN DIEGO","90"
"CARNEGIE MELLON UNIV","88"
"UNIV AMSTERDAM","79"
"RADBOUD UNIV NIJMEGEN","76"
"NORTHWESTERN UNIV","75"
"RUTGERS STATE UNIV","68"
"DEPT BRAIN AND COGNIT SCI","67"
"UNIV ARIZONA","63"
"UNIV CALIF DAVIS","63"
"COLUMBIA UNIV","61"
"UNIV SUSSEX","59"
"MCGILL UNIV","58"
"UNIV BRITISH COLUMBIA","58"
"UNIV CHICAGO","58"
"INDIANA UNIV","57"
"JOHNS HOPKINS UNIV","54"
"MAX PLANCK INST HUMAN COGNIT AND BRAIN SCI","54"
"CORNELL UNIV","51"
"CALTECH","50"
"INST NEUROL","50"
"BROWN UNIV","49"
"UNIV MICHIGAN","49"
"UNIV WARWICK","49"
"UNIV WISCONSIN","49"
"DARTMOUTH COLL","48"
"UNIV PITTSBURGH","48"
"EMORY UNIV","47"
"UNIV WESTERN ONTARIO","47"
"UNIV EDINBURGH","45"
"UNIV YORK","45"
"UNIV GLASGOW","44"
"UNIV ILLINOIS","41"
"UNIV MARYLAND","41"
"UNIV QUEENSLAND","41"
"UNIV UTRECHT","41"
"VANDERBILT UNIV","41"
"COGNIT AND BRAIN SCI UNIT","40"
"BOSTON UNIV","39"
"MAX PLANCK INST HUMAN DEV","37"
"UNIV LONDON","37"
"UNIV CALIF IRVINE","36"
"UNIV OREGON","36"
"CTR NEURAL SCI","35"
"KINGS COLL LONDON","35"
"UNIV BRISTOL","35"
"UNIV ST ANDREWS","35"
"FRANCE.","34"
"HEBREW UNIV JERUSALEM","34"
"UNIV WASHINGTON","34"
"OHIO STATE UNIV","33"
"TEL AVIV UNIV","33"
"VRIJE UNIV AMSTERDAM","33"
"UNIV BIRMINGHAM","32"
"CARDIFF UNIV","31"
"UNIV LONDON BIRKBECK COLL","31"
"UNIV MELBOURNE","31"
"UNIV SO CALIF","31"
"AARHUS UNIV","30"
"HUMBOLDT UNIV","30"
"UNIV COLORADO","30"
"WELLCOME TRUST CTR NEUROIMAGING","29"
"MAX PLANCK INST EVOLUTIONARY ANTHROPOL","28"
"UNIV CALIF SANTA BARBARA","28"
"UNIV MINNESOTA","28"
"UNIV ZURICH","28"
"FREE UNIV BERLIN","27"
"UNIV MONTREAL","27"
"UNIV SYDNEY","26"
"MONASH UNIV","25"
"UNIV VIRGINIA","25"
"YORK UNIV","25"
"MAX PLANCK INST PSYCHOLINGUIST","24"
"ROTMAN RES INST","24"
"TECH UNIV MUNICH","24"
"UNIV CALIF SAN FRANCISCO","24"
"UNIV PARMA","24"
"KATHOLIEKE UNIV LEUVEN","23"
"LAB BRAIN AND COGNIT","23"
"LEIDEN UNIV","23"
"MASSACHUSETTS GEN HOSP","23"
"UNIV TUBINGEN","23"
"NETHERLANDS INST NEUROSCI","22"
"UNIV AUCKLAND","22"
"UNIV IOWA","22"
"UNIV ROCHESTER","22"
"UNIV TEXAS AUSTIN","22"
"UNIV DURHAM","21"
"UNIV LONDON IMPERIAL COLL SCI TECHNOL AND MED","21"
"UNIV MANCHESTER","21"
"UNIV SOUTHAMPTON","21"
"MACQUARIE UNIV","20"
"PENN STATE UNIV","20"
"UNIV GENEVA","20"
"UNIV LIEGE","20"
"BAYLOR COLL MED","19"
"COLL FRANCE","19"
"NORTHEASTERN UNIV","19"
"TUFTS UNIV","19"
"UNIV SHEFFIELD","19"
"UNIV TRENTO","19"
"CNRS","18"
"ECOLE NORMALE SUPER","18"
"MAX PLANCK INST BIOL CYBERNET","18"
"MCGOVERN INST BRAIN RES","18"
"UNIV BASEL","18"
"UNIV TEXAS","18"
"BEIJING NORMAL UNIV","17"
"HARVARD MED SCH","17"
"UNIV GHENT","17"
"UNIV GRONINGEN","17"
"UNIV STIRLING","17"
"UNIV WALES","17"
"UNIV WATERLOO","17"
"AIX MARSEILLE UNIV","16"
"BRANDEIS UNIV","16"
"MICHIGAN STATE UNIV","16"
"TEMPLE UNIV","16"
"N (CORRESPONDING AUTHOR)","15"
"NATHAN S KLINE INST PSYCHIAT RES","15"
"RUHR UNIV BOCHUM","15"
"SALK INST BIOL STUDIES","15"
"UNIV CALIF SANTA CRUZ","15"
"UNIV HELSINKI","15"
"UNIV MED CTR HAMBURG EPPENDORF","15"
"UNIV MIAMI","15"
"UNIV NEW S WALES","15"
"UNIV POMPEU FABRA","15"
"WEIZMANN INST SCI","15"
"DIV HUMANITIES AND SOCIAL SCI","14"
"FLORIDA ATLANTIC UNIV","14"
"GEORGETOWN UNIV","14"
"INST PSYCHOL","14"
"KAROLINSKA INST","14"
"MCMASTER UNIV","14"
"SALZBURG UNIV","14"
"UNIV OSLO","14"
"UNIV WESTERN AUSTRALIA","14"
"BOSTON COLL","13"
"SCHILLER","13"
"UMEA UNIV","13"
"UNIV DUBLIN TRINITY COLL","13"
"UNIV EXETER","13"
"UNIV MAGDEBURG","13"
"UNIV MASSACHUSETTS","13"
"UNIV N CAROLINA","13"
"UNIV NOTTINGHAM","13"
"DEPT NEUROSCI PHYSIOL AND PHARMACOL","12"
"INST JEAN NICOD","12"
"MAX PLANCK INST BRAIN RES","12"
"OPEN UNIV","12"
"SCHURGER","12"
"UNIV LEICESTER","12"
"UNIV TEXAS DALLAS","12"
"UNIV TRIESTE","12"
"CITY UNIV LONDON","11"
"GATSBY COMPUTAT NEUROSCI UNIT","11"
"INST BEHAV NEUROSCI","11"
"INST CHILD HLTH","11"
"INST NEUROSCI","11"
"PARIS","11"
"UNIV ABERDEEN","11"
"UNIV HAMBURG","11"
"UNIV OTTAWA","11"
"WELLCOME CTR HUMAN NEUROIMAGING","11"
"AARHUS UNIV HOSP","10"
"ATHINOULA A MARTINOS CTR BIOMED IMAGING","10"
"CEDARS SINAI MED CTR","10"
"HASKINS LABS INC","10"
"INST PSYCHIAT","10"
"JOHANNES GUTENBERG UNIV MAINZ","10"
"NEUROSCI INST","10"
"NEWCASTLE UNIV","10"
"OREGON HLTH AND SCI UNIV","10"
"QUEEN MARY UNIV LONDON","10"
"S (CORRESPONDING AUTHOR)","10"
"SIMON FRASER UNIV","10"
"UNIV BARCELONA","10"
"UNIV FLORENCE","10"
"UNIV HLTH NETWORK","10"
"UNIV MISSOURI","10"
"UNIV NEW MEXICO","10"
"UNIV POTSDAM","10"
"UNIV UTAH","10"
"BAR ILAN UNIV","9"
"BASQUE CTR COGNIT BRAIN AND LANGUAGE","9"
"BEN GURION UNIV NEGEV","9"
"ERASMUS UNIV","9"
"LAB SCI COGNIT AND PSYCHOLINGUIST","9"
"NEUROPSYCHOL LAB","9"
"SENSORIMOTOR RES LAB","9"
"STOCKHOLM UNIV","9"
"TILBURG UNIV","9"
"UNIV BREMEN","9"
"UNIV LIBRE BRUXELLES","9"
"UNIV NEVADA","9"
"UNIV PADUA","9"
"UNIV PLYMOUTH","9"
"UNIV TOKYO","9"
"A (CORRESPONDING AUTHOR)","8"
"ARIZONA STATE UNIV","8"
"BIRKBECK UNIV LONDON","8"
"CANISIUS COLL","8"
"CTR RECH CERVEAU AND COGNIT","8"
"EOTVOS LORAND UNIV","8"
"FLORIDA STATE UNIV","8"
"GF (CORRESPONDING AUTHOR)","8"
"J (CORRESPONDING AUTHOR)","8"
"KYOTO UNIV","8"
"M (CORRESPONDING AUTHOR)","8"
"MAASTRICHT UNIV","8"
"PONTIFICIA UNIV CATOLICA CHILE","8"
"PSL RES UNIV","8"
"QUEENS UNIV","8"
"SANTA FE INST","8"
"SERV HOSP FREDERIC JOLIOT","8"
"SWISS FED INST TECHNOL EPFL","8"
"UCL INST NEUROL","8"
"UNIV BERN","8"
"UNIV CALGARY","8"
"UNIV COLOGNE","8"
"UNIV DELAWARE","8"
"UNIV LOUVAIN","8"
"UNIV MUNICH","8"
"UNIV NEUCHATEL","8"
"UNIV REGINA","8"
"UNIV TOULOUSE","8"
"UNIV TRENT","8"
"VET ADM MED CTR","8"
"AUSTRALIAN NATL UNIV","7"
"C (CORRESPONDING AUTHOR)","7"
"CHARITE UNIV MED BERLIN","7"
"COGNIT NEUROSCI SECT","7"
"E (CORRESPONDING AUTHOR)","7"
"GOETHE UNIV FRANKFURT","7"
"ICAHN SCH MED MT SINAI","7"
"IMPERIAL COLL LONDON","7"
"INST COGNIT SCI AND TECHNOL","7"
"LUND UNIV","7"
"MRC COGNIT AND BRAIN SCI UNIT","7"
"MT SINAI SCH MED","7"
"NORWEGIAN UNIV SCI AND TECHNOL","7"
"OTTO VON GUERICKE UNIV","7"
"SO ILLINOIS UNIV","7"
"TEXAS AANDM UNIV","7"
"TRINITY COLL DUBLIN","7"
"UNIV CALIF","7"
"UNIV CALIF RIVERSIDE","7"
"UNIV GOTTINGEN","7"
"UNIV KONSTANZ","7"
"UNIV MILAN","7"
"UNIV MILANO BICOCCA","7"
"UNIV NEWCASTLE","7"
"UNIV OXFORD ALL SOULS COLL","7"
"UNIV READING","7"
"AALTO UNIV","6"
"ALLEN INST BRAIN SCI","6"
"BETH ISRAEL DEACONESS MED CTR","6"
"COLUMBIA UNIV COLL PHYS AND SURG","6"
"DALHOUSIE UNIV","6"
"DALIAN UNIV TECHNOL","6"
"DIV PSYCHOL AND LANGUAGE SCI","6"
"FREE UNIV BRUSSELS","6"
"GEORGE MASON UNIV","6"
"GEORGE WASHINGTON UNIV","6"
"GERMAN PRIMATE CTR","6"
"GRAD CTR","6"
"HELSINKI UNIV TECHNOL","6"
"INST HEARING RES","6"
"NEUROSCI AND BEHAV LAB","6"
"OBERLIN COLL","6"
"PEKING UNIV","6"
"RUTGERS CTR COGNIT SCI","6"
"SCH PSYCHOL","6"
"SCHULZ","6"
"TECHNION ISRAEL INST TECHNOL","6"
"TEXAS TECH UNIV","6"
"UNIV ADELAIDE","6"
"UNIV BERGEN","6"
"UNIV BOLOGNA","6"
"UNIV COLL LONDON","6"
"UNIV ESSEX","6"
"UNIV HAIFA","6"
"UNIV HONG KONG","6"
"UNIV ICELAND","6"
"UNIV LEUVEN KU LEUVEN","6"
"UNIV LIVERPOOL","6"
"UNIV LONDON GOLDSMITHS COLL","6"
"UNIV NEBRASKA","6"
"UNIV ROMA LA SAPIENZA","6"
"UPPSALA UNIV","6"
"VICTORIA UNIV WELLINGTON","6"
"WASHINGTON STATE UNIV","6"
"WAYNE STATE UNIV","6"
"YALE SCH MED","6"
"BARROW NEUROL INST","5"
"BASQUE FDN SCI","5"
"CHINESE UNIV HONG KONG","5"
"COGNIT PERCEPTUAL AND BRAIN SCI RES DEPT","5"
"CONCORDIA UNIV","5"
"DEPT ELECT ENGN AND COMP SCI","5"
"GRIFFITH UNIV","5"
"HOWARD HUGHES MED INST","5"
"LAB PSYCHOL COGNIT","5"
"MAX PLANCK UNIV COLL LONDON CTR COMPUTAT PSYCHIAT","5"
"NATL UNIV SINGAPORE","5"
"NEUROL INST","5"
"NEUROSCI LAB","5"
"OSAKA UNIV","5"
"PICOWER INST LEARNING AND MEMORY","5"
"SAN DIEGO STATE UNIV","5"
"UNIV BOURGOGNE","5"
"UNIV CONNECTICUT","5"
"UNIV FLORIDA","5"
"UNIV FRANKFURT","5"
"UNIV FREIBURG","5"
"UNIV LEUVEN","5"
"UNIV NIJMEGEN ST RADBOUD HOSP","5"
"UNIV PORTSMOUTH","5"
"UNIV SURREY","5"
"UNIV TRIER","5"
"UNIV TURIN","5"
"UNIV ULM","5"
"UNIV VIENNA","5"
"AMHERST COLL","4"
"BANGOR UNIV","4"
"BERNSTEIN CTR COMPUTAT NEUROSCI","4"
"BERNSTEIN CTR COMPUTAT NEUROSCI BERLIN","4"
"BRAIN MIND INST","4"
"BUFACCHI","4"
"CANADIAN INST ADV RES CIFAR","4"
"CHAMPALIMAUD CTR UNKNOWN","4"
"CHAPMAN UNIV","4"
"CHINESE INST BRAIN RES","4"
"COGNIT AND BEHAV NEUROSCI UNIT","4"
"CTR BEHAV BRAIN SCI","4"
"CTR NEUROSCI","4"
"DIV HUMANITIES AND SOCIAL SCI AND COMPUTAT AND NEURAL S","4"
"FISCHER","4"
"FORSCHUNGSZENTRUM JULICH","4"
"FRANKLIN AND MARSHALL COLL","4"
"FURMAN UNIV","4"
"G (CORRESPONDING AUTHOR)","4"
"GEORGIA STATE UNIV","4"
"GERMAN CTR NEURODEGENERAT DIS DZNE","4"
"GOLDSMITHS UNIV LONDON","4"
"GUANGXI TEACHERS EDUC UNIV","4"
"HANSE INST ADV STUDY","4"
"HEIDELBERG UNIV","4"
"HERIOT WATT UNIV","4"
"HORSCHLER","4"
"INST ADV STUDY IUSS PAVIA","4"
"INST NATL SANTE AND RECH MED","4"
"INST PASTEUR","4"
"INT COMP SCI INST","4"
"L (CORRESPONDING AUTHOR)","4"
"LAB NEUROPSYCHOL","4"
"LANGONE MED SCH","4"
"LEEDS METROPOLITAN UNIV","4"
"LONDON SCH ECON AND POLIT SCI","4"
"LOYOLA UNIV","4"
"MAX PLANCK INST EMPIR AESTHET","4"
"MED UNIV LUBECK","4"
"MEDIA LAB","4"
"MILLS COLL","4"
"MONTCLAIR STATE UNIV","4"
"NA","4"
"NEW MEXICO STATE UNIV","4"
"NEW SCH SOCIAL RES","4"
"NEW YORK STATE PSYCHIAT INST AND HOSP","4"
"NEW YORK UNIV","4"
"NEW YORK UNIV ABU DHABI","4"
"NO ILLINOIS UNIV","4"
"OSLO UNIV HOSP","4"
"OXFORD BROOKES UNIV","4"
"OXFORD CTR COMPUTAT NEUROSCI","4"
"PRINCETON NEUROSCI INST","4"
"QUEEN SQ INST NEUROL","4"
"R (CORRESPONDING AUTHOR)","4"
"RADBOUD UNIV","4"
"REED COLL","4"
"RES CTR JULICH","4"
"RICE UNIV","4"
"ROYAL HOLLOWAY UNIV LONDON","4"
"SCH MED","4"
"SCHIRMER","4"
"SCHROEDER","4"
"SLOAN SCH MANAGEMENT","4"
"SOUTH CHINA NORMAL UNIV","4"
"SUNY BINGHAMTON","4"
"SUNY HLTH SCI CTR","4"
"SWISS FED INST TECHNOL","4"
"TRENDS COGNIT SCI","4"
"UCL INST COGNIT NEUROSCI","4"
"UCLA BRAIN RES INST","4"
"UNIV AARHUS","4"
"UNIV AUTONOMA BARCELONA","4"
"UNIV BASQUE COUNTRY","4"
"UNIV BORDEAUX SEGALEN","4"
"UNIV CALIF LOS ANGELES UCLA","4"
"UNIV CALIF MERCED","4"
"UNIV CLIN HAMBURG EPPENDORF UKE","4"
"UNIV COLL DUBLIN","4"
"UNIV COPENHAGEN","4"
"UNIV DUNDEE","4"
"UNIV EAST ANGLIA","4"
"UNIV HOSP GENEVA","4"
"UNIV HOUSTON","4"
"UNIV KEELE","4"
"UNIV KENT","4"
"UNIV LORRAINE","4"
"UNIV LUBECK","4"
"UNIV MARYLAND BALTIMORE CTY","4"
"UNIV MED CTR UTRECHT","4"
"UNIV NEW SOUTH WALES","4"
"UNIV PARIS SACLAY","4"
"UNIV PAVIA","4"
"UNIV PISA","4"
"UNIV S AUSTRALIA","4"
"UNIV TWENTE","4"
"UNIV ULSTER","4"
"UNIV VICTORIA","4"
"UNIV WURZBURG","4"
"VERSCHURE","4"
"VRIJE UNIV BRUSSEL","4"
"WARNEFORD HOSP","4"
"WARWICK BUSINESS SCH","4"
"WEILL CORNELL MED COLL","4"
"WELLCOME DEPT IMAGING NEUROSCI","4"
"WELLESLEY COLL","4"
"WOLVERHAMPTON UNIV","4"
"ZHEJIANG UNIV","4"
"ADV TELECOMMUN RES INST INT","3"
"ANTWERP UNIV","3"
"BC (CORRESPONDING AUTHOR)","3"
"BRAIN AND COGNIT SCI DEPT","3"
"BRAIN SCI INST","3"
"CARL VON OSSIETZKY UNIV OLDENBURG","3"
"CASE WESTERN RESERVE UNIV","3"
"CENT EUROPEAN UNIV","3"
"CHILD MIND INST","3"
"COLD SPRING HARBOR LAB","3"
"CTR NEUROSCI COGNIT","3"
"DE MONTFORT UNIV","3"
"DEPT CLIN NEUROSCI","3"
"DEPT COLLECT BEHAV","3"
"DEPT COMP SCI","3"
"DEPT NEUROSCI","3"
"FLOREY INST NEUROSCI AND MENTAL HLTH","3"
"FMRIB CTR","3"
"FRANKFURT INST ADV STUDIES","3"
"GRP HOSP PITIE SALPETRIERE","3"
"HEINRICH HEINE UNIV DUSSELDORF","3"
"HUNGARIAN ACAD SCI","3"
"IKERBASQUE BASQUE FDN SCI","3"
"IMPERIAL COLL SCH MED","3"
"INST BIOIMAGING","3"
"INST DATA SYST AND SOC","3"
"INST ETUD COGNIT","3"
"INST MED","3"
"INST VIS","3"
"JAPAN SCI AND TECHNOL AGCY","3"
"JB (CORRESPONDING AUTHOR)","3"
"KOBE UNIV","3"
"LANDER COLL","3"
"LANGONE SCH MED","3"
"LONDON SCH ECON","3"
"MARTINOS CTR BIOMED IMAGING","3"
"MED COLL WISCONSIN","3"
"MED UNIV S CAROLINA","3"
"MILAN CTR NEUROSCI","3"
"NATL INST DRUG ABUSE","3"
"NETHERLANDS OPHTHALM RES INST","3"
"NOTTINGHAM TRENT UNIV","3"
"OLSCHEFSKIE INST NEUROBIOL KNOWLEDGE","3"
"RAUSCHECKER","3"
"RIKEN BRAIN SCI INST","3"
"ROCKEFELLER UNIV","3"
"ROTMAN RES INST BAYCREST","3"
"RYERSON UNIV","3"
"SCH ENGN","3"
"SCHARNOWSKI","3"
"SKIDMORE COLL","3"
"SMITH KETTLEWELL EYE RES INST","3"
"SPINOZA CTR NEUROIMAGING","3"
"SUNY ALBANY","3"
"UCL EASTMAN DENT HOSP AND INST","3"
"UCL QUEEN SQ INST NEUROL","3"
"UNIV AACHEN","3"
"UNIV BONN","3"
"UNIV CINCINNATI","3"
"UNIV COLL CORK","3"
"UNIV HARTFORD","3"
"UNIV HERTFORDSHIRE","3"
"UNIV LEEDS","3"
"UNIV LONDON ROYAL HOLLOWAY AND BEDFORD NEW COLL","3"
"UNIV LYON","3"
"UNIV MARBURG","3"
"UNIV MED CTR TUBINGEN","3"
"UNIV MEMPHIS","3"
"UNIV MUNSTER","3"
"UNIV NORTH CAROLINA CHAPEL HILL","3"
"UNIV POLITECN CATALUNA","3"
"UNIV SAARLAND","3"
"UNIV SASKATCHEWAN","3"
"UNIV SW LOUISIANA","3"
"UNIV SZEGED","3"
"UNIV TARTU","3"
"UNIV TROMSO","3"
"UNIV VALENCIA","3"
"UNIV WESTMINSTER","3"
"VA HEALTHCARE SYST","3"
"VIRGINIA TECH CARIL RES INST","3"
"ACHVA ACAD COLL","2"
"AFFECT BRAIN LAB","2"
"ALGOMA UNIV","2"
"AMER INST RES","2"
"AMER UNIV","2"
"AMERICAN UNIV","2"
"AMES RES CTR","2"
"ANGLIA RUSKIN UNIV","2"
"AR (CORRESPONDING AUTHOR)","2"
"ARC CTR EXCELLENCE DYNAM LANGUAGE","2"
"ARTIFICIAL INTELLIGENCE RES CTR","2"
"ASTON UNIV","2"
"BARCELONA GRAD SCH ECON","2"
"BAYLOR UNIV","2"
"BECKMAN INST ADV SCI AND TECHNOL","2"
"BERLIN CTR ADV NEUROIMAGING","2"
"BIELEFELD UNIV","2"
"BRAIN AND CONSCIOUSNESS RES CTR","2"
"BRAIN AND LANGUAGE RES INST","2"
"BRAIN CTR SOCIAL AND MOTOR COGNIT","2"
"BROAD INST","2"
"BROAD INST HARVARD","2"
"BROCKTON W ROXBURY VET AFFAIRS MED CTR","2"
"BRON","2"
"BUSCHMAN","2"
"CALIF POLYTECH STATE UNIV SAN LUIS OBISPO","2"
"CALIF STATE UNIV FULLERTON","2"
"CALIF STATE UNIV HAYWARD","2"
"CALVIN COLL","2"
"CAMPBELL FAMILY MENTAL HLTH RES INST","2"
"CARLETON UNIV","2"
"CAS CTR EXCELLENCE BRAIN SCI AND INTELLIGENCE TECHN","2"
"CATALAN INST ADV STUDIES AND RES ICREA","2"
"CD (CORRESPONDING AUTHOR)","2"
"CEA SAC DSV DRM NEUROSPIN CTR","2"
"CHIBA UNIV","2"
"CHILD PSYCHIAT DEPT","2"
"CNR INST NEUROSCI","2"
"CNRS UPS","2"
"COGNIT AND INFORMAT SCI UNIV CALIF","2"
"COGNIT NEUROSCI AND SCHIZOPHRENIA PROGRAM","2"
"COMP SCI AND ARTIFICIAL INTELLIGENCE LAB","2"
"COMPUTAT AND ANIM LEARNING RES CTR","2"
"COMPUTAT AND INFORMAT SCI DIRECTORATE","2"
"COMPUTAT NEUROSCI UNIT UNIC","2"
"CONNECTICUT COLL","2"
"CTR BEHAV BRAIN SCI MAGDEBURG","2"
"CTR BIOL AND COMPUTAT LEARNING","2"
"CTR BRAINS MINDS AND MACHINES","2"
"CTR CHILD AND FAMILY WELL BEING","2"
"CTR COGNIT NEUROIMAGING","2"
"CTR COGNIT NEUROSCI","2"
"CTR COGNIT SCI","2"
"CTR DEV LANGUAGE DISORDERS AND COGNIT NEUROSCI","2"
"CTR ECON LEARNING SOCIAL EVOLUT","2"
"CTR EDUC NEUROSCI","2"
"CTR MATH AND PHYS LIFE SCI AND EXPT BIOL COMPLEX","2"
"CTR NEURAL BASIS COGNIT","2"
"CTR NEUROSCI AND COGNIT SYST","2"
"CTR OPHTHALM RES","2"
"CTR TRANSLAT NEUROIMAGING","2"
"CTR TRANSLAT NEUROPHYSIOL","2"
"D (CORRESPONDING AUTHOR)","2"
"DEPT COGNIT SCI","2"
"DEPT COMP SCI AND ENGN","2"
"DEPT HUMAN COMMUN SCI","2"
"DEPT HUMANITIES AND SOCIAL SCI","2"
"DEPT HUMANITIES AND SOCIAL SCI AND COMPUTAT","2"
"DEPT LIFE SCI","2"
"DEPT NEUROL AND NEUROL SCI","2"
"DEPT NEUROSCI CLIN","2"
"DEPT SCI AND TECHNOL SOC","2"
"DM (CORRESPONDING AUTHOR)","2"
"DONDERS CTR COGNIT NEUROIMAGING","2"
"DONDERS INST BRAIN COGNIT AND BEHAV","2"
"DUKE NUS GRAD MED SCH","2"
"DYSLEXIA CTR","2"
"EASTERN KENTUCKY UNIV","2"
"EDGE HILL UNIV","2"
"EIDGENOSS TECH HSCH ETH ZURICH","2"
"EINSTEIN CTR NEUROSCI BERLIN","2"
"ELSEVIER SCI","2"
"EM (CORRESPONDING AUTHOR)","2"
"EMIRATES COLL ADV EDUC","2"
"ERNST STRUNGMANN INST ESI NEUROSCI COOPERAT","2"
"ESRC CTR ECON LEARNING AND SOCIAL EVOLUT ELSE","2"
"EUNICE KENNEDY SHRIVER NATL INST CHILD HLTH AND HUM","2"
"EXPT PSYCHOL LAB","2"
"FC DONDERS CTR COGNIT NEUROIMAGING","2"
"FIRESTONE","2"
"FUJIAN AGR AND FORESTRY UNIV","2"
"GENEVA UNIV HOSP","2"
"GLASGOW CALEDONIAN UNIV","2"
"GRAZ UNIV TECHNOL","2"
"HADASSAH HEBREW UNIV","2"
"HAMRAHLID COLL","2"
"HANGZHOU NORMAL UNIV","2"
"HEBREW UNIV","2"
"HERSHEY MED CTR","2"
"HLTH AND MED UNIV","2"
"HOSP SICK CHILDREN","2"
"HUMAN INFORMAT PROC RES LABS","2"
"HUMANITIES AND SOCIAL SCI","2"
"I (CORRESPONDING AUTHOR)","2"
"IFD","2"
"IMIND CTR EXCELLENCE AUTISM","2"
"IMPERIAL COLL","2"
"INST ADV STUDY","2"
"INST ADV STUDY TOULOUSE","2"
"INST CERVEAU AND MOELLE EPINIERE","2"
"INST COGNIT","2"
"INST COGNIT SCI","2"
"INST COGNIT SCI MARC JEANNEROD","2"
"INST COMMUNITY AND FAMILY PSYCHIAT","2"
"INST EUROPEAN AND AMER STUDIES","2"
"INST LANGUAGE COMMUN AND BRAIN","2"
"INST LAW","2"
"INST MED ENGN AND SCI","2"
"INST MENTAL HLTH RES","2"
"INST NEUROSCI AND MED","2"
"INST NICOD","2"
"INST PEDIAT NEUROSCI","2"
"INST PHYS AND CHEM RES","2"
"INST PHYSIOL AND COGNIT NEUROSCI LANGUAGE AND MUS GRP","2"
"INST PRIMATE RES","2"
"INST PSYCHOL RES","2"
"INST SCI","2"
"INST UNIV FRANCE","2"
"IP PAVLOV INST PHYSIOL","2"
"ITALIAN INST TECHNOL","2"
"JAGIELLONIAN UNIV","2"
"JD (CORRESPONDING AUTHOR)","2"
"JE (CORRESPONDING AUTHOR)","2"
"JEAN NICOD INST","2"
"JOHN B PIERCE LAB","2"
"JOHNS HOPKINS MED INST","2"
"JR (CORRESPONDING AUTHOR)","2"
"JT (CORRESPONDING AUTHOR)","2"
"KA (CORRESPONDING AUTHOR)","2"
"KECK SCH MED","2"
"KEELE UNIV","2"
"KEIO UNIV","2"
"KING ALFREDS COLL","2"
"LAB SENSORIMOTOR RES","2"
"LANGONE MED CTR","2"
"LEIBNIZ INST FRESHWATER ECOL AND INLAND FISHERIES","2"
"LEIBNIZ INST PRIMATE RES","2"
"LIVERPOOL JOHN MOORES UNIV","2"
"LONDON METROPOLITAN UNIV","2"
"LUND UNIV COGNIT SCI","2"
"LY (CORRESPONDING AUTHOR)","2"
"MARCUS AUTISM CTR","2"
"MAX PLANCK INST BRAIN RES MPIB","2"
"MAX PLANCK INST COGNIT NEUROSCI","2"
"MAX PLANCK INST HIRNFORSCH","2"
"MAX PLANCK INST NEUROL RES","2"
"MAX PLANCK INST PSYCHOL RES","2"
"MAX PLANCK UNIV COLL LONDON UCL","2"
"MED RES COUNCIL COGNIT AND BRAIN SCI UNIT","2"
"MEM UNIV NEWFOUNDLAND","2"
"MIAMI UNIV","2"
"MIND RES NETWORK","2"
"MINERVA SCH KGI","2"
"MIT MEDIA LAB","2"
"MODERN DIET AND PHYSIOL RES CTR","2"
"NAROPA UNIV","2"
"NATL CENT UNIV","2"
"NATL CHENGCHI UNIV","2"
"NATL CTR COMPLEMENTARY AND INTEGRAT HLTH","2"
"NATL CTR EXCELLENCE YOUTH MENTAL HLTH","2"
"NATL HOSP","2"
"NATL INST HLTH","2"
"NATL INST INFORMAT AND COMMUN TECHNOL","2"
"NATL INST MENTAL HLTH","2"
"NATL INST NEUROSCI","2"
"NAVAL RES LAB","2"
"NEUROBIOL LAB","2"
"NEUROCURE CTR EXCELLENCE","2"
"NEUROGENET LAB","2"
"NISSAN TECH CTR N AMER INC","2"
"NORWEGIAN UNIV SCI AND TECHNOL NTNU","2"
"NUCL MAGNET RESONANCE CTR","2"
"NYU LANGONE SCH MED","2"
"NYU NEUROSCI INST","2"
"OREGON GRAD INST","2"
"PACE UNIV","2"
"PENG CHENG LAB","2"
"PETZSCHNER","2"
"PHYLLIS GREEN AND RANDOLPH COWEN INST PEDIAT NEUROS","2"
"PITTSBURGH VET AFFAIRS MED CTR","2"
"PLYMOUTH INST NEUROSCI","2"
"PRESS","2"
"QIMR BERGHOFER MED RES INST","2"
"QUEBEC ARTIFICIAL INTELLIGENCE INST MILA","2"
"QUEENSLAND UNIV TECHNOL","2"
"RES DEPT CLIN EDUC AND HLTH PSYCHOL","2"
"REWARD AND DECIS MAKING GRP","2"
"ROTMAN RES INST BAYCREST HLTH SCI","2"
"ROYAL COLL PHYSICIANS","2"
"ROYAL HOSP NEURODISABIL","2"
"RUDOLF MAGNUS INST","2"
"RUTGERS UNIV NEWARK","2"
"SAINSBURY WELLCOME CTR","2"
"SAINSBURY WELLCOME CTR NEURAL CIRCUITS AND BEHAV","2"
"SCH LIFE SCI","2"
"SCH OCCUPAT THERAPY","2"
"SCHACTER","2"
"SCHERER","2"
"SCHILBACH","2"
"SCHLENKER","2"
"SCHMID","2"
"SCHONBERG","2"
"SCHWARTZ","2"
"SCHWARZ","2"
"SCI BASED INNOVAT LEARNING CTR SILC","2"
"SCIMECA","2"
"SCUOLA INT SUPER STUDI AVANZATI","2"
"SEALCTR PIETERBUREN","2"
"SECT BIPOLAR SPECTRUM DISORDERS","2"
"SECT DEV AND AFFECT NEUROSCI","2"
"SEOUL NATL UNIV","2"
"SETTORE NEUROSCI COGNIT","2"
"SHANGHAI JIAO TONG UNIV","2"
"SOCIAL PERCEPT AND EVALUAT LAB","2"
"SONY COMP SCI LAB","2"
"SOUTHERN METHODIST UNIV","2"
"ST HEDWIG HOSP","2"
"STARESINA","2"
"STATE UNIV GHENT","2"
"SUNY STONY BROOK","2"
"SWARTHMORE COLL","2"
"SWEDISH COLL ADV STUDY","2"
"SYRACUSE UNIV","2"
"T (CORRESPONDING AUTHOR)","2"
"TAIPEI MED UNIV","2"
"TAMAGAWA UNIV","2"
"TECH UNIV DRESDEN","2"
"TRENTO UNIV","2"
"TRONDHEIM REG AND UNIV HOSP","2"
"TSINGHUA UNIV","2"
"TULANE UNIV","2"
"U (CORRESPONDING AUTHOR)","2"
"ULM UNIV","2"
"UNIV AALBORG","2"
"UNIV AKRON","2"
"UNIV ALABAMA","2"
"UNIV ALLAHABAD","2"
"UNIV BARI ALDO MORO","2"
"UNIV BASQUE COUNTRY UPV EHU","2"
"UNIV BLAISE PASCAL","2"
"UNIV CAEN","2"
"UNIV CAMBRIDGE DARWIN COLL","2"
"UNIV CANTERBURY","2"
"UNIV CAPE TOWN","2"
"UNIV CARDIFF","2"
"UNIV CHICAGO MED","2"
"UNIV CHINESE ACAD SCI","2"
"UNIV COIMBRA","2"
"UNIV DENVER","2"
"UNIV DUSSELDORF","2"
"UNIV EAST LONDON","2"
"UNIV ERLANGEN NURNBERG","2"
"UNIV FED RIO DE JANEIRO","2"
"UNIV GEORGIA","2"
"UNIV GIESSEN","2"
"UNIV GREENWICH","2"
"UNIV HAWAII","2"
"UNIV HOSP JENA","2"
"UNIV HOSP LIEGE","2"
"UNIV HOSP VAUD CHUV","2"
"UNIV IOWA HOSP AND CLIN","2"
"UNIV JENA","2"
"UNIV LA LAGUNA","2"
"UNIV LANCASTER","2"
"UNIV LAVAL","2"
"UNIV LETHBRIDGE","2"
"UNIV LOUISIANA","2"
"UNIV LOUISVILLE","2"
"UNIV MANNHEIM","2"
"UNIV MED CTR","2"
"UNIV MED GOETTINGEN","2"
"UNIV MED MAINZ","2"
"UNIV NEW BRUNSWICK","2"
"UNIV NEW ENGLAND","2"
"UNIV NEW HAMPSHIRE","2"
"UNIV NOTRE DAME","2"
"UNIV OKLAHOMA","2"
"UNIV OTAGO","2"
"UNIV PAISLEY","2"
"UNIV PARIS SUD","2"
"UNIV PROVENCE","2"
"UNIV PSL PARIS SCI AND LETTRES","2"
"UNIV ROME LA SAPIENZA","2"
"UNIV S FLORIDA","2"
"UNIV SIENA","2"
"UNIV SOUTH AUSTRALIA","2"
"UNIV SOUTHERN CALIF","2"
"UNIV SOUTHERN DENMARK","2"
"UNIV STRATHCLYDE","2"
"UNIV SUNDERLAND","2"
"UNIV TAMPERE","2"
"UNIV TEXAS SOUTHWESTERN MED CTR DALLAS","2"
"UNIV TOLEDO","2"
"UNIV TORONTO SCARBOROUGH","2"
"UNIV TOULOUSE CAPITOLE","2"
"UNIV TULSA","2"
"UNIV UDINE","2"
"UNIV VERONA","2"
"UNIV VET MED","2"
"UNIV VIRGINIA HLTH SYST","2"
"UNIV VITA SALUTE SAN RAFFAELE","2"
"UNIV WALES COLL CARDIFF","2"
"UNIV WESTERN SYDNEY MACARTHUR","2"
"UNIV WINCHESTER","2"
"UNIVERSITY PK","2"
"USAF ACAD","2"
"USC MARSHALL SCH BUSINESS","2"
"VIRGINIA COMMONWEALTH UNIV","2"
"VIRGINIA TECH","2"
"VIRGINIA TECH CARILION RES INST","2"
"VITA SALUTE SAN RAFFELE UNIV","2"
"W VIRGINIA SCH MED","2"
"W VIRGINIA UNIV","2"
"WALTER REED ARMY MED CTR","2"
"WASHINGTON NATL PRIMATE RES CTR","2"
"WASHINGTON UNIV ST LOUIS","2"
"WELLCOME CTR NEUROIMAGING","2"
"WOLFSON INST BIOMED RES","2"
"ACAD DISCOVERY PERFORMANCE UNIT","1"
"ADDENBROOKES CTR CLIN INVEST","1"
"ADELAIDE AND MEATH NATL CHILDRENS HOSP","1"
"AGING AND COGNIT RES GRP","1"
"AJ (CORRESPONDING AUTHOR)","1"
"ALBERT EINSTEIN COLL MED","1"
"ALMADEN RES CTR","1"
"AM (CORRESPONDING AUTHOR)","1"
"AMSTERDAM BRAIN AND COGNIT CTR","1"
"AP (CORRESPONDING AUTHOR)","1"
"ARAR DIP NEUROSCI","1"
"ARCHY O.","1"
"ATR HUMAN INFORMAT PROC LAB","1"
"ATR HUMAN INFORMAT PROC RES LABS","1"
"AUSTRALIAN CATHOLIC UNIV","1"
"AW (CORRESPONDING AUTHOR)","1"
"B (CORRESPONDING AUTHOR)","1"
"BARCH","1"
"BERLIN INST HLTH","1"
"BETHEL UNIV","1"
"BIOROBOT INST","1"
"BORNKESSEL-SCHLESEWSKY","1"
"BOSCH","1"
"BOWDOIN COLL","1"
"BOWLING GREEN STATE UNIV","1"
"BRAIN RES INST","1"
"BRIGHAM YOUNG UNIV","1"
"BROCK UNIV","1"
"BROOKHAVEN NATL LAB","1"
"BROOKINGS INST","1"
"BROOKLYN COLL","1"
"BRYN MAWR COLL","1"
"BUCKINGHAMSHIRE CTY COUNCIL","1"
"BYJ (CORRESPONDING AUTHOR)","1"
"CA (CORRESPONDING AUTHOR)","1"
"CAMBRIDGE MRC CTR BRAIN REPAIR","1"
"CAMPBELL FAMILY RES INST","1"
"CANADIAN INST ADV RES","1"
"CARILION RES INST","1"
"CARNEGIE MELLON NEUROSCI INST","1"
"CATHOLIC UNIV LOUVAIN","1"
"CATHOLIC UNIV NIJMEGEN","1"
"CE (CORRESPONDING AUTHOR)","1"
"CH (CORRESPONDING AUTHOR)","1"
"CHAMPALIMAUD RES","1"
"CHILDRENS HOSP","1"
"CHUKYO UNIV","1"
"CLAREMONT GRAD UNIV","1"
"CLAREMONT MCKENNA COLL","1"
"CLIN BRAIN DISORDERS BRANCH","1"
"CNRS CELPHEDIA","1"
"CNRS LENA","1"
"COLLINS","1"
"COLLSIOO","1"
"COLORADO DEPT PUBL HLTH AND ENVIRONM","1"
"COMP SCI AND ARTIFICIAL INTELLIGENCE LAB CSAIL","1"
"CONFLICT RES CTR","1"
"CORNILLEAU-PERES","1"
"COURANT INST MATH SCI","1"
"CTR ADV RES SLEEP MED","1"
"CTR ADV STUDY BEHAV SCI","1"
"CTR AUTISM RES","1"
"CTR BIOETH","1"
"CTR BIOMED IMAGING CIBM","1"
"CTR ECON LEARNING AND SOCIAL EVOLUT","1"
"CTR ETUD SOMMEIL AND RYTHMES BIOL","1"
"CTR EXCELLENCE STRESS AND MENTAL HLTH","1"
"CTR INVEST BIOMED RED BIOINGN BIOMAT AND NANOMED","1"
"CTR LEARNING AND MEMORY","1"
"CTR MIND BRAIN AND COMPUTAT","1"
"CTR NEUROCOGNIT RES","1"
"CTR S GIOVANNI DIO FATEBENEFRATELLI","1"
"CTR TRANSLAT BIOETH AND HLTH CARE POLICY","1"
"CTR WISKUNDE AND INFORMAT","1"
"CUNY BERNARD M BARUCH COLL","1"
"CUNY CITY COLL","1"
"DA (CORRESPONDING AUTHOR)","1"
"DARMSTADT UNIV APPL SCI","1"
"DC (CORRESPONDING AUTHOR)","1"
"DEAFNESS COGNIT AND LANGUAGE RES CTR","1"
"DEEPMIND TECHNOL","1"
"DEPT COMP MATH SCI","1"
"DEPT GENET EVOLUT AND ENVIRONM","1"
"DEPT NEUROL AND NEUROSCI","1"
"DEPT QUANTITAT HLTH SCI","1"
"DF","1"
"DIV HLTH SCI AND TECHNOL","1"
"DR (CORRESPONDING AUTHOR)","1"
"DREXEL UNIV","1"
"DUKE NATL UNIV SINGAPORE","1"
"EA (CORRESPONDING AUTHOR)","1"
"EAST CHINA NORMAL UNIV","1"
"ECOLE HAUTES ETUD SCI SOCIALES","1"
"ECOLE POLYTECH FED LAUSANNE","1"
"EDMOND AND LILY SAFRA INT INST NEUROSCI NATAL","1"
"ENSTA PARISTECH","1"
"ERNST STRUENGMANN INST NEUROSCI COOPERAT","1"
"ERNST STRUENGMANN INST NEUROSCIENCE COOPERAT MAX","1"
"ERNST STRUNGMANN INST ESI NEUROSCI","1"
"ERSCHE","1"
"ESI NEUROSCI","1"
"ESSEN UNIV HOSP","1"
"EUROPEAN UNIV INST","1"
"F (CORRESPONDING AUTHOR)","1"
"FLORIDA INT UNIV","1"
"FREELANCE SCI WRITER","1"
"FRIEDRICH SCHILLER UNIV JENA","1"
"FULBOURN HOSP","1"
"GARVAN INST MED RES","1"
"GEISINGER COMMONWEALTH SCH MED","1"
"GEORGETOWN INST COGNIT AND COMPUTAT SCI","1"
"GEORGETOWN UNIV LAW CTR","1"
"GEORGETOWN UNIV MED CTR","1"
"GEORGIA GWINNETT COLL","1"
"GERMAN CTR NEURODEGENERAT DIS","1"
"GG (CORRESPONDING AUTHOR)","1"
"GKT SCH MED","1"
"GL (CORRESPONDING AUTHOR)","1"
"GOETHE UNIV","1"
"GOETSCHALCKX","1"
"GRAZ UNIV","1"
"GS (CORRESPONDING AUTHOR)","1"
"HAMPSHIRE COLL","1"
"HARESIGN","1"
"HAUKELAND HOSP","1"
"HIGH TECH CAMPUS","1"
"HOWARD HUGHES MED INST HHMI","1"
"HRUSCHKA","1"
"HUMAN TECHNOL RES INST","1"
"HUMBOLDT STATE UNIV","1"
"IMAGING CTR","1"
"INDIAN INST SCI","1"
"INSERM","1"
"INST BIOENGN","1"
"INST BIOMED ENGN","1"
"INST CATHOLIQUE LILLE","1"
"INST COGNIT AND EVOLUTIONARY ANTHROPOL","1"
"INST COGNIT NEUROSCI AND PSYCHOL","1"
"INST EXPT MED","1"
"INST MED ESTUDIOS AVANZADOS","1"
"INST MOL BIOIMAGING AND PHYSIOL","1"
"INST MOL BIOL AND BIOTECHNOL IMBB","1"
"INST NEUROSCI TIMONE","1"
"INST OPHTHALMOL","1"
"INST PHILOSOPHY","1"
"INST ROBOT AND INTELLIGENT SYST","1"
"INST SCI COGNIT","1"
"INST SEMICOND","1"
"INST UNIV GERIATRIE MONTREAL","1"
"INST UNIV STUDI SUPERIORI","1"
"INT INST INFORMAT TECHNOL IIIT HYDERABAD","1"
"INT JACOBS UNIV BREMEN","1"
"INT SCH ADV STUDIES SISSA","1"
"INTERUNIV MICROELECT CTR IMEC","1"
"INTRAMURAL RES PROGRAM","1"
"IRCCS FDN SANTA LUCIA","1"
"IRCCS SAN CAMILLO HOSP","1"
"IRCCS SANTA LUCIA FDN","1"
"ITALIAN INST TECHNOL ROBOT","1"
"JA (CORRESPONDING AUTHOR)","1"
"JACOBS UNIV BREMEN","1"
"JAMES COOK UNIV N QUEENSLAND","1"
"JANA SCHAICH","1"
"JC (CORRESPONDING AUTHOR)","1"
"JJ (CORRESPONDING AUTHOR)","1"
"JMD (CORRESPONDING AUTHOR)","1"
"JOHNS HOPKINS SCH MED","1"
"JS (CORRESPONDING AUTHOR)","1"
"K (CORRESPONDING AUTHOR)","1"
"KE (CORRESPONDING AUTHOR)","1"
"KENT STATE UNIV","1"
"KERESZTES","1"
"KJ (CORRESPONDING AUTHOR)","1"
"KLEINSCHMIDT","1"
"KOC UNIV","1"
"KOELSCH","1"
"KP (CORRESPONDING AUTHOR)","1"
"KR (CORRESPONDING AUTHOR)","1"
"KUOPIO UNIV HOSP","1"
"LAB INFORMAT SYNTH","1"
"LAB INTEGRAT NEUROSCI","1"
"LAB PHYSIOPATHOL MALAD PSYCHIAT","1"
"LADY DAVIS INST MED RES","1"
"LAGUARDIA COMMUNITY COLL","1"
"LANGAGE CERVEAU AND COGNIT","1"
"LAWRENCE UNIV","1"
"LIEBER INST BRAIN DEV","1"
"LUCIDITY INST","1"
"LYON NEUROSCI RES CTR","1"
"MACGUARIE UNIV","1"
"MAHIDOL UNIV","1"
"MARINE WORLD FDN","1"
"MATH POLICY RES","1"
"MAX PLANCK CTR COMPUTAT PSYCHIAT AND AGEING","1"
"MAX PLANCK FLORIDA INST NEUROSCI","1"
"MAX PLANCK INST COGNIT AND BRAIN SCI","1"
"MAX PLANCK INST MATH SCI","1"
"MAX PLANCK INST ORNITHOL","1"
"MAX PLANCK UCL CTR COMPUTAT PSYCHIAT AND AGEING RES","1"
"MAX PLANCK UNIV COLL LONDON","1"
"MCGOVERN INSITUTE BRAIN RES","1"
"MCGOVERN INST","1"
"MCLEAN HOSP","1"
"ME (CORRESPONDING AUTHOR)","1"
"MED UNIV GDANSK","1"
"MED UNIV SOUTH CAROLINA","1"
"MEG LAB","1"
"MEMORY DISORDERS RES CTR","1"
"META RES INNOVAT CTR STANFORD METRICS","1"
"MIDDLE EAST TECH UNIV","1"
"MINERVA SCH","1"
"MJ (CORRESPONDING AUTHOR)","1"
"MOL BIOL LAB","1"
"MONTREAL NEUROL INST","1"
"MOREHEAD STATE UNIV","1"
"MT SINAI WEST HOSP","1"
"MTA ELTE COMPARAT ETHOL RES GRP","1"
"NAGOYA UNIV","1"
"NANYANG TECHNOL UNIV","1"
"NATL INST ADV IND SCI AND TECHNOL","1"
"NATL POLYTECH INST","1"
"NATL UNIV IRELAND UNIV COLL CORK","1"
"NAVAL HLTH RES CTR","1"
"ND (CORRESPONDING AUTHOR)","1"
"NETHERLANDS INST NEUROSCI NIN KNAW","1"
"NEUENSCHWANDER","1"
"NEUROIMAGING RES VET CTR NERVE","1"
"NEUROL CLIN","1"
"NEUROL HOSP PIERRE WERTHEIMER","1"
"NEUROSCI RES CTR LYON CRNL","1"
"NEUROSPIN CTR","1"
"NEW YORK CONSORTIUM EVOLUTIONARY PRIMATOL NYCEP","1"
"NEW YORK UNIV SHANGHAI","1"
"NICOLLE K.","1"
"NISSAN CAMBRIDGE BASIC RES","1"
"NK (CORRESPONDING AUTHOR)","1"
"NORMAL UNIV","1"
"NORMES","1"
"NW INST COMPLEX SYST","1"
"NW MED SCH","1"
"NY (CORRESPONDING AUTHOR)","1"
"NYU SCH MED","1"
"OFF CLIN DIRECTOR","1"
"OXFORD HLTH FDN TRUST","1"
"P (CORRESPONDING AUTHOR)","1"
"PACE-SCHOTT","1"
"PARIS DESCARTES UNIV","1"
"PARIS SCI AND LETTRES PSL UNIV","1"
"PERINATOL RES BRANCH","1"
"PHILIPS RES","1"
"POMONA COLL","1"
"PONGO FDN","1"
"POOLE HOSP","1"
"PRIME RES SOLUT","1"
"PROVIDENCE VET AFFAIRS MED CTR","1"
"PSYCHOL HSCH BERLIN","1"
"QUEENS UNIV BELFAST","1"
"RC (CORRESPONDING AUTHOR)","1"
"RENAULT TECHNOCTR","1"
"RES AND TECHNOL","1"
"RES CTR","1"
"RES INST PARTICLE AND NUCL PHYS","1"
"RES PRIOR PROGRAM BRAIN AND COGNIT","1"
"RJ (CORRESPONDING AUTHOR)","1"
"RJR (CORRESPONDING AUTHOR)","1"
"RM (CORRESPONDING AUTHOR)","1"
"ROCHESTER INST TECHNOL","1"
"ROYAL ACAD MUS AARHUS AALBORG","1"
"ROYAL DUTCH ACAD SCI","1"
"ROYAL PRINCE ALFRED HOSP","1"
"S LUCIA FDN","1"
"SANTA LUCIA FDN","1"
"SAPIENZA UNIV","1"
"SCH ELECT AND COMP ENGN","1"
"SCH SOCIAL SCI HUMANITIES AND ARTS","1"
"SCHAAFSMA","1"
"SCHADE","1"
"SCHEINOST","1"
"SCHIFF","1"
"SCHLAGGAR","1"
"SCHLESEWSKY","1"
"SCHLOTTMANN","1"
"SCHMACK","1"
"SCHMAHMANN","1"
"SCHMAJUK","1"
"SCHMIDT","1"
"SCHNELL","1"
"SCHOELKOPF","1"
"SCHUBOTZ","1"
"SCHULTZ","1"
"SCHUTZ-BOSBACH","1"
"SCHWABE","1"
"SCHWADE","1"
"SCHWADER","1"
"SCHWARTZE","1"
"SCHWETLICK","1"
"SCHWIEDRZIK","1"
"SCHYNS","1"
"SCI INST STELLA MANS","1"
"SCUOLA SUPER SANT ANNA","1"
"SECT BEHAV SCI AND GENET","1"
"SEMMELWEIS UNIV","1"
"SERV HOSP UNIV","1"
"SERVAN-SCHREIBER","1"
"SIERRA PACIFIC MENTAL ILLNESS RES EDUC AND CLIN CTR","1"
"SIMONS COMPUTAT NEUROSCI IMBIZO","1"
"SINGHLTH RES FACIL","1"
"SK (CORRESPONDING AUTHOR)","1"
"SKOTTUN RES","1"
"SM (CORRESPONDING AUTHOR)","1"
"SMITHSONIAN TROP RES INST","1"
"SOBELL DEPT MOTOR NEUROSCI","1"
"SORBONNE UNIV PARIS DESCARTES","1"
"SP (CORRESPONDING AUTHOR)","1"
"SRI CHITRA TIRUNAL INST MED SCI AND TECHNOL","1"
"ST JAMES UNIV HOSP","1"
"STEELE INST HLTH INNOVAT","1"
"STERN SCH BUSINESS","1"
"SUNY BUFFALO","1"
"SUNY DOWNSTATE MED CTR","1"
"SUSSEX PARTNERSHIP NATL HLTH SERV NHS FDN TRUST","1"
"SWINBURNE UNIV TECHNOL","1"
"SWISS EPILEPSY CTR","1"
"TASCHEREAU-DUMOUCHEL","1"
"TB (CORRESPONDING AUTHOR)","1"
"TE (CORRESPONDING AUTHOR)","1"
"TECH UNIV BERLIN","1"
"TECH UNIV DARMSTADT","1"
"TEMERTY CTR THERAPEUT BRAIN INTERVENT","1"
"TERESA","1"
"TF (CORRESPONDING AUTHOR)","1"
"THERESA M.","1"
"TOHOKU UNIV","1"
"TOKYO MED AND DENT UNIV","1"
"TOR VERGATA UNIV","1"
"TURKU UNIV HOSP","1"
"UCL ROYAL FREE AND UNIV COLL MED SCH","1"
"UNI ULB NEUROSCI INST","1"
"UNIFORMED SERV UNIV HLTH SCI","1"
"UNIV AIR","1"
"UNIV AIX MARSEILLE","1"
"UNIV ALBERTA","1"
"UNIV AUTONOMA MADRID","1"
"UNIV BRESCIA","1"
"UNIV BRIGHTON","1"
"UNIV BRUSSELS","1"
"UNIV BUENOS AIRES","1"
"UNIV CAEN BASSE NORMANDIE","1"
"UNIV CASTILLA LA MANCHA","1"
"UNIV CENT FLORIDA","1"
"UNIV CHILDRENS HOSP ZURICH","1"
"UNIV CLERMONT AUVERGNE","1"
"UNIV EASTERN FINLAND","1"
"UNIV EOTVOS","1"
"UNIV FED RIO GRANDE DO NORTE","1"
"UNIV FERRARA","1"
"UNIV FRANCHE COMTE","1"
"UNIV HOSP BERLIN","1"
"UNIV HYDERABAD","1"
"UNIV IUAV","1"
"UNIV JOHANNESBURG","1"
"UNIV KENTUCKY","1"
"UNIV LAUSANNE","1"
"UNIV LEIPZIG","1"
"UNIV LISBON","1"
"UNIV LONDON UNIV COLL","1"
"UNIV MAASTRICHT","1"
"UNIV MED AND DENT NEW JERSEY","1"
"UNIV MED CTR EPPENDORF","1"
"UNIV MED CTR HAMBURG EPPENDORF UKE","1"
"UNIV N TEXAS","1"
"UNIV NATAL","1"
"UNIV OSNABRUCK","1"
"UNIV OXFORD MAGDALEN COLL","1"
"UNIV PARIS","1"
"UNIV PARIS DIDEROT","1"
"UNIV PASSAU","1"
"UNIV PK","1"
"UNIV POITIERS","1"
"UNIV RICHMOND","1"
"UNIV SALAMANCA","1"
"UNIV TEXAS HLTH SCI CTR SAN ANTONIO","1"
"UNIV TURKU","1"
"UNIV VALLADOLID","1"
"UNIV W FLORIDA","1"
"UNIV WEST ENGLAND","1"
"UNIV WESTERN SYDNEY","1"
"UNIV WISCONSIN MADISON","1"
"UNIV WROCLAW","1"
"VA SAN DIEGO HEALTHCARE SYST","1"
"VAN SCHAIK","1"
"VD (CORRESPONDING AUTHOR)","1"
"VENETIAN INST MOL MED VIMM","1"
"VET ADM ANN ARBOR HLTH CTR","1"
"VET AFFAIRS HEALTHCARE SYST","1"
"VET AFFAIRS SAN DIEGO HEALTHCARE SYST","1"
"VET AFFAIRS VA NATL CTR POSTTRAUMAT STRESS DISORD","1"
"VISUAL PERCEPT LAB","1"
"W (CORRESPONDING AUTHOR)","1"
"WAKE FOREST UNIV","1"
"WASHINGTON AND JEFFERSON COLL","1"
"WATSON SCH BIOL SCI","1"
"WEILL MED COLL","1"
"WELLCOME TRUST CTR NEUROIMAGING UCL","1"
"WERNER REICHARDT CTR INTEGRAT NEUROSCI","1"
"WORCESTER COLL HIGHER EDUC","1"
"YALE NEW HAVEN MED CTR","1"
"YESHIVA UNIV","1"
"ZP (CORRESPONDING AUTHOR)","1"