"Author","LocalCitations"
"DEHAENE S","96"
"CHATER N","59"
"LAMME VAF","52"
"POLDRACK RA","52"
"GALLESE V","49"
"KEYSERS C","48"
"FRITH CD","47"
"HAXBY JV","45"
"BUCKNER RL","41"
"MCCLELLAND JL","41"
"FRISTON KJ","40"
"TOMASELLO M","40"
"FRIEDERICI AD","39"
"KOCH C","37"
"CHRISTIANSEN MH","35"
"POSNER MI","35"
"TENENBAUM JB","35"
"BLOCK N","33"
"BOTVINICK MM","33"
"SIMONS DJ","33"
"SPELKE E","32"
"SPORNS O","32"
"WOLPERT DM","31"
"CAVANAGH P","30"
"COHEN L","30"
"GRIFFITHS TL","30"
"OCHSNER KN","30"
"PUCE A","30"
"CALL J","29"
"D'ESPOSITO M","29"
"WALSH V","29"
"CURTIS CE","28"
"FEIGENSON L","28"
"FRIES P","28"
"KEMP C","28"
"SINGER W","28"
"GOBBINI MI","27"
"HASSON U","27"
"ROBBINS TW","27"
"HOFFMAN EA","26"
"SUMMERFIELD C","26"
"TSUCHIYA N","26"
"ENGEL AK","25"
"GOLDMAN A","24"
"LESLIE AM","24"
"COHEN MA","23"
"GHAZANFAR AA","23"
"GRILL-SPECTOR K","23"
"GROSS JJ","23"
"LAU H","23"
"MARTIN A","23"
"NORMAN KA","23"
"WAGNER AD","23"
"ALLISON T","22"
"ARON AR","22"
"AWH E","22"
"MCCARTHY G","22"
"MENON V","22"
"POLYN SM","22"
"SETH AK","22"
"ADOLPHS R","21"
"BADRE D","21"
"BAR M","21"
"BUSH G","21"
"EGNER T","21"
"HENSON R","21"
"LUU P","21"
"VANRULLEN R","21"
"AHISSAR M","20"
"CARROLL DC","20"
"CSIBRA G","20"
"KNIGHT RT","20"
"BARRETT LF","19"
"BRESSLER SL","19"
"COHEN JD","19"
"DETRE GJ","19"
"HASSABIS D","19"
"MURRAY EA","19"
"RIZZOLATTI G","19"
"SCHROEDER CE","19"
"CANOLTY RT","18"
"DENNETT DC","18"
"GELMAN R","18"
"HEYES C","18"
"HICKOK G","18"
"KARMILOFF-SMITH A","18"
"MAGUIRE EA","18"
"PERNER J","18"
"RUSHWORTH MFS","18"
"SCHOOLER JW","18"
"SUDDENDORF T","18"
"YONELINAS AP","18"
"CHANGEUX JP","17"
"DOLAN RJ","17"
"GALLAGHER S","17"
"GALLISTEL CR","17"
"GERGELY G","17"
"HOCHSTEIN S","17"
"MALACH R","17"
"MOSCOVITCH M","17"
"NORTHOFF G","17"
"PALLER KA","17"
"PERFORS A","17"
"PETERSEN SE","17"
"RANGANATH C","17"
"ROELFSEMA PR","17"
"RUGG MD","17"
"YUILLE A","17"
"ALVAREZ GA","16"
"BAILLARGEON R","16"
"CARAMAZZA A","16"
"CARTER CS","16"
"CLARK A","16"
"DECETY J","16"
"DUNCAN J","16"
"GALLAGHER HL","16"
"HARE B","16"
"KOECHLIN E","16"
"MAHON BZ","16"
"NACCACHE J","16"
"ROSENTHAL D","16"
"SCHACTER DL","16"
"SCHOLL BJ","16"
"SERGENT C","16"
"WAGER TD","16"
"BELIN P","15"
"BLAKEMORE SJ","15"
"BUSSEY TJ","15"
"CABEZA R","15"
"CLEEREMANS A","15"
"COHEN BL","15"
"DOSENBACH NUF","15"
"FAIR DA","15"
"GARROD S","15"
"KAHN I","15"
"LEVIN DT","15"
"LUCK SJ","15"
"MARCUS GF","15"
"ORBAN GA","15"
"SHANNON BJ","15"
"SHOHAMY D","15"
"SIGMAN M","15"
"STOKES MG","15"
"TREMOULET PD","15"
"VINCKIER F","15"
"BADDELEY A","14"
"BASSETT DS","14"
"DAYAN P","14"
"DESMURGET M","14"
"FEHR E","14"
"MUNAKATA Y","14"
"O'REILLY RC","14"
"PINKER S","14"
"TYLER LK","14"
"VAN DEN HEUVEL MP","14"
"VANDUFFEL W","14"
"VOGEL EK","14"
"BERWICK RC","13"
"BLOOM P","13"
"DE LANGE FP","13"
"DUPOUX E","13"
"KASTNER S","13"
"KOK P","13"
"KRIEGESKORTE N","13"
"MAJID A","13"
"MONSELL S","13"
"MOORE T","13"
"NOELLE DC","13"
"PESSOA L","13"
"PICKERING MJ","13"
"PRICE CJ","13"
"ROGERS TT","13"
"SCOTT RM","13"
"SEIDENBERG LB","13"
"SHEA N","13"
"SINGER T","13"
"VAN ESSEN D","13"
"BAARS BJ","12"
"BAKER CI","12"
"BEHRMANN M","12"
"BERKES P","12"
"CORBALLIS MC","12"
"DE GARDELLE V","12"
"DI LOLLO V","12"
"FISER J","12"
"GAZZOLA V","12"
"GOLD JI","12"
"GRAFTON S","12"
"HAYNES JD","12"
"HE Z","12"
"JENSEN O","12"
"KIEVIT RA","12"
"KOUIDER S","12"
"LENGYEL M","12"
"MIALL RC","12"
"ORBAN G","12"
"PLAUT DC","12"
"POEPPEL D","12"
"RENSINK RA","12"
"SACKUR J","12"
"SHADLEN MN","12"
"TALLON-BAUDRY C","12"
"ARMSTRONG BC","11"
"BANG D","11"
"BANNERMAN DM","11"
"BLAKE R","11"
"BURR D","11"
"DIANA RA","11"
"FITCH WT","11"
"FRAESSLE S","11"
"FROST R","11"
"GAUTHIER I","11"
"GILBOA A","11"
"HEILBRON M","11"
"HILGETAG CC","11"
"INZLICHT M","11"
"JOHNSON MH","11"
"KAWATO M","11"
"KENNERLEY SW","11"
"KERSTEN D","11"
"LAKATOS P","11"
"LEOPOLD DA","11"
"LOGOTHETIS NK","11"
"MARLATTE H","11"
"NIEDER A","11"
"OVERGAARD M","11"
"PEZZULO G","11"
"RAYMOND JE","11"
"ROLFS M","11"
"ROY M","11"
"VUILLEUMIER P","11"
"WALTON ME","11"
"WILKE M","11"
"BARBEY AK","10"
"BERMPOHL F","10"
"BERTRAND O","10"
"BOLDT A","10"
"BRASS M","10"
"BROWN GDA","10"
"BROWN SD","10"
"CAMERER CF","10"
"COUZIN ID","10"
"DAVIDSON RJ","10"
"FINK GR","10"
"GILBERT SJ","10"
"IVRY RB","10"
"JONIDES J","10"
"KAISER M","10"
"KEENAN JP","10"
"KLINK PC","10"
"KRAVITZ DJ","10"
"KUMARAN D","10"
"LALAND KN","10"
"LINDQUIST KA","10"
"MAURER D","10"
"MCKOON G","10"
"MONDLOCH CJ","10"
"PELLICANO E","10"
"PERRETT DI","10"
"RATCLIFF R","10"
"RENDELL L","10"
"SAXE R","10"
"SERENCES JT","10"
"SMALLWOOD J","10"
"SMITH PL","10"
"TANG YY","10"
"XU F","10"
"YEUNG C","10"
"YOUNG AW","10"
"ZELAZO PD","10"
"AFRAZ A","9"
"ANDERSON MC","9"
"ARNAL LH","9"
"ARNELL KM","9"
"BARGH JA","9"
"BINDER JR","9"
"BURTON AM","9"
"BUZSAKI G","9"
"CHIALVO DR","9"
"CHRISTOFF K","9"
"CHRISTOPHEL TB","9"
"CICHY RM","9"
"COLTHEART M","9"
"DAW ND","9"
"DEARY IJ","9"
"DESAI RH","9"
"ELLIS HD","9"
"ELMAN JL","9"
"GAZZANIGA MS","9"
"HAPPE F","9"
"HOLROYD CB","9"
"HOMMEL B","9"
"HUMPHREYS GW","9"
"HUNT AR","9"
"KAHANA MJ","9"
"KAISER D","9"
"KELSO JAS","9"
"LAUREYS S","9"
"LEDOUX JE","9"
"LEVINSON SC","9"
"LEWIS PA","9"
"LIVERSEDGE SP","9"
"MCCANDLISS BD","9"
"MONTAGUE PR","9"
"MOSS HE","9"
"NOBRE AC","9"
"OAKSFORD M","9"
"OWEN AM","9"
"PATTERSON K","9"
"POVINELLI DJ","9"
"QUIROGA RQ","9"
"RISKO EF","9"
"SCHMEICHEL BJ","9"
"SEIDENBERG MS","9"
"SELI P","9"
"SHAPIRO KL","9"
"SILVANTO J","9"
"SMILEK D","9"
"SPITZER B","9"
"SREENIVASAN KK","9"
"TARR MJ","9"
"ULLMAN MT","9"
"VONK J","9"
"WOLFE JM","9"
"ARMSTRONG KM","8"
"BAKER LG","8"
"BARCH DM","8"
"BARRY DN","8"
"BEHRENS TEJ","8"
"BELLUGI U","8"
"BOLHUIS JJ","8"
"BOTVINICK M","8"
"BREMMER F","8"
"BULTHOFF HH","8"
"CHANES L","8"
"CLIFFORD CWG","8"
"CORLETT PR","8"
"COX DD","8"
"DICARLO JJ","8"
"DICKINSON A","8"
"DUBOIS J","8"
"EICHENBAUM H","8"
"ENNS JT","8"
"ERNST MO","8"
"FARAH MJ","8"
"FRENCH RM","8"
"GOSWAMI U","8"
"HERTWIG R","8"
"HINTON GE","8"
"HOLT LL","8"
"HUSAIN M","8"
"JOHNSON-LAIRD PN","8"
"KAJIKAWA S","8"
"KIM CY","8"
"KLIMA ES","8"
"KLINGBERG T","8"
"KOELSCH S","8"
"KRAMER AF","8"
"LANG B","8"
"LAPPE M","8"
"LEVY I","8"
"LINDENBERGER U","8"
"MELNIKOFF DE","8"
"MIKHAIL J","8"
"MISHKIN M","8"
"MOBBS D","8"
"MONTALDI D","8"
"NIV Y","8"
"OLIVA A","8"
"OP DE BEECK HP","8"
"PASCUAL-LEONE A","8"
"REICHLE ME","8"
"ROEPSTORFF A","8"
"SALEEM KS","8"
"SANTOS LR","8"
"SCHIRMER A","8"
"SCHUBOTZ RI","8"
"SIEGELMAN N","8"
"SILVER MA","8"
"SOMMERVILLE JA","8"
"SPENCE C","8"
"THOMPSON-SCHILL SL","8"
"TORRALBA A","8"
"VOGELEY K","8"
"WYNN K","8"
"ASHBY FG","7"
"BARSALOU LW","7"
"BAYNE T","7"
"BEDARD C","7"
"BELOPOLSKY AV","7"
"BRAVER TS","7"
"BROWN R","7"
"BRUCE V","7"
"BURGESS PW","7"
"BYRNE RMJ","7"
"CASTELLANOS FX","7"
"CHEN J","7"
"CHENG PCH","7"
"CHOMSKY JJ","7"
"CIARAMELLI E","7"
"CIKARA M","7"
"CRITCHLEY HD","7"
"CROKER S","7"
"DE VIGNEMONT F","7"
"DRIVER J","7"
"ETKIN A","7"
"FECTEAU JH","7"
"FECTEAU S","7"
"FEDERMEIER KD","7"
"FERNANDEZ G","7"
"FINDLAY JM","7"
"FOGARTY L","7"
"FORSTMANN BU","7"
"FRANCONERI SL","7"
"FRIEDMAN O","7"
"FRITH C","7"
"GALANTUCCI B","7"
"GALLUP GG","7"
"GAZZALEY A","7"
"GERMAN TP","7"
"GIBSON E","7"
"GIRAUD AL","7"
"GOBET F","7"
"GRAINGER J","7"
"GREENE J","7"
"GREZES J","7"
"HAIDT J","7"
"HARIRI AR","7"
"HENDERSON JM","7"
"HESSLOW G","7"
"HOLCOMBE AO","7"
"HONEY CJ","7"
"HOPPITT WJE","7"
"JONES L","7"
"KALISCH R","7"
"KANE MJ","7"
"KAYSER C","7"
"KELEMEN D","7"
"KOTZ SA","7"
"KURTHEN M","7"
"KUTAS M","7"
"LANE PCR","7"
"LAVIE N","7"
"LE GRAND R","7"
"LUTZ A","7"
"MAY A","7"
"MAYES A","7"
"MIGO E","7"
"MORGAN TJH","7"
"MUNK MHJ","7"
"MUNOZ DP","7"
"NADER K","7"
"NEE DE","7"
"NYBERG L","7"
"O'TOOLE AJ","7"
"PASSINGHAM RE","7"
"PAULUS MP","7"
"PEARSON J","7"
"PETERS J","7"
"PINE JM","7"
"REDISH AD","7"
"RENOULT L","7"
"SCHILLER D","7"
"SIMMONS WK","7"
"SMITH LB","7"
"SOTO D","7"
"THEEUWES J","7"
"TONONI G","7"
"TSAKIRIS M","7"
"UDDIN LQ","7"
"VALLAR G","7"
"VOSS JL","7"
"WARNEKEN F","7"
"WATT RJ","7"
"WEBSTER MM","7"
"WILSON CD","7"
"YEUNG N","7"
"ZACKS JM","7"
"ZAKI J","7"
"BANICH MT","6"
"BEKKERING H","6"
"BLANKE O","6"
"BOWERMAN M","6"
"BOYER M","6"
"BOYER P","6"
"BRAMMER MJ","6"
"BULLMORE ET","6"
"BUSBY J","6"
"CALVERT GA","6"
"CHATHAM CH","6"
"CHUN MM","6"
"CONWAY CM","6"
"CUNNINGHAM WA","6"
"CURRAN T","6"
"CURTIN S","6"
"DEPUE BE","6"
"DESTREBECQZ A","6"
"DIEDRICHSEN J","6"
"DOELLER CF","6"
"DUMONTHEIL I","6"
"EDELMAN GM","6"
"EICHELE S","6"
"EISENEGGER C","6"
"FABRE-THORPE M","6"
"FEDORENKO E","6"
"FRIED I","6"
"FRITH U","6"
"GENOVESIO A","6"
"GERKEN L","6"
"GOMEZ RL","6"
"GOTTLIEB J","6"
"GROSS J","6"
"HAGGARD P","6"
"HAMANN S","6"
"HAUN DBM","6"
"HAUSER MD","6"
"HAUSHOFER J","6"
"HE BJ","6"
"HERD SA","6"
"HOHWY J","6"
"HOLMES A","6"
"HOUTKAMP PR","6"
"IANNETTI GD","6"
"IRIKI A","6"
"IVERSEN SD","6"
"JACOB P","6"
"KANWISHER N","6"
"KING JR","6"
"KITA S","6"
"KIYONAGA A","6"
"KNOBLICH G","6"
"KORDING KP","6"
"KRIENEN FM","6"
"KRINGELBACH ML","6"
"LANSINK CS","6"
"LEGARE CH","6"
"LILJEHOLM M","6"
"LOMBROZO T","6"
"MARAVITA A","6"
"MARESCHAL D","6"
"MATHER M","6"
"MATTINGLEY JB","6"
"METZINGER T","6"
"MILHAM MP","6"
"MIRMAN D","6"
"NACHEV P","6"
"NADEL L","6"
"NIELSEN M","6"
"O'DOHERTY JP","6"
"OLIVERS CNL","6"
"PENNARTZ CMA","6"
"PITCHER D","6"
"PLOMIN R","6"
"PLONER M","6"
"PRESS C","6"
"PYLYSHYN ZW","6"
"RAICHLE ME","6"
"RAUSCHECKER JP","6"
"REGIER T","6"
"REICHLE ED","6"
"ROESSLER J","6"
"ROTHBART MK","6"
"ROUSSELET GA","6"
"RUDEBECK ME","6"
"SANFEY AG","6"
"SCIMECA JM","6"
"SEBANZ N","6"
"SPELKE ES","6"
"SQUIRE LR","6"
"STEELS L","6"
"STEWART N","6"
"TAMIR DI","6"
"THOMPSON E","6"
"THORPE SJ","6"
"TINGLEY D","6"
"TODD PM","6"
"UNGERLEIDER LG","6"
"VAN BAVEL JJ","6"
"VAN DEN BERG AV","6"
"VAN DER MEER MAA","6"
"VAN PRAAG H","6"
"VIVAR C","6"
"VLAEV I","6"
"VOSS MW","6"
"WAGENMAKERS EJ","6"
"WANG RF","6"
"WATANABE T","6"
"WHEELER MA","6"
"WISE SP","6"
"AMEDI A","5"
"ANTICEVIC A","5"
"ATANCE CM","5"
"BACKMAN L","5"
"BADDELEY AD","5"
"BLUMENFELD RS","5"
"BLUNDELL C","5"
"BONNEFOND M","5"
"BORNKESSEL-SCHLESEWSKY I","5"
"BOUREAU YL","5"
"BRANNON EM","5"
"BULLER DJ","5"
"BURGESS N","5"
"CAREY DP","5"
"CASEY BJ","5"
"CAVANAGH JF","5"
"CEASER A","5"
"CHENG YD","5"
"CHEVALLIER C","5"
"CHUN K","5"
"CLAYTON N","5"
"COLE MW","5"
"COLGIN LL","5"
"COWEY A","5"
"CUDDY AJC","5"
"DEBENER S","5"
"DIENES Z","5"
"DOWNING PE","5"
"DUNNE JD","5"
"DURRANT SJ","5"
"ELDAR E","5"
"EPSTEIN RA","5"
"EREV I","5"
"EVENSMOEN HR","5"
"FAIVRE N","5"
"FAZEKAS P","5"
"FEENEY MC","5"
"FISKE ST","5"
"FRANK MJ","5"
"FRISTON K","5"
"GELMAN SA","5"
"GLICK P","5"
"GOLDBERG AE","5"
"GRIFFITHS D","5"
"GRODZINSKY Y","5"
"GROSSENBACHER PG","5"
"GUNTER HL","5"
"HALFORD GS","5"
"HARRIS JM","5"
"HASSELMO ME","5"
"HEEGER DJ","5"
"HEGARTY M","5"
"HOFMANN W","5"
"IACOBONI M","5"
"IVANOFF J","5"
"JACOBS J","5"
"JOANISSE MF","5"
"JOELS M","5"
"KAY P","5"
"KIRBY S","5"
"KLEIN RM","5"
"KOENIG P","5"
"KREITER AK","5"
"KRYSTAL JH","5"
"KURBY CA","5"
"KURTH-NELSON Z","5"
"LANGTON SRH","5"
"LEVY BJ","5"
"LI ZP","5"
"LIBERMAN AM","5"
"LOEWENSTEIN G","5"
"LOVDEN M","5"
"LOVELACE CT","5"
"MACPHAIL EM","5"
"MAROIS R","5"
"MAYE A","5"
"MCCLURE SM","5"
"MELCHER D","5"
"MITCHELL JP","5"
"MOSCOVITCH L","5"
"MUDRIK L","5"
"MUGGLETON N","5"
"MURRAY JD","5"
"NASELARIS T","5"
"NEUENSCHWANDER S","5"
"NUNEZ RE","5"
"O'NEILL DK","5"
"OLOFSSON JK","5"
"PEELEN M","5"
"POPPENK J","5"
"PREUSCHOFF K","5"
"PROAL E","5"
"QUEK GL","5"
"RAAFAT RM","5"
"RAYNER K","5"
"REDSHAW J","5"
"RIKLUND K","5"
"RITTER S","5"
"ROBERTS WA","5"
"RUTLEDGE RB","5"
"SANBORN AN","5"
"SANTI A","5"
"SCHLESEWSKY M","5"
"SCHMAHMANN JD","5"
"SCHWABE L","5"
"SCHYNS PG","5"
"SHETTLEWORTH SJ","5"
"SLAGTER HA","5"
"SLOUTSKY VM","5"
"SOKOL-HESSNER P","5"
"ST JACQUES P","5"
"SUI J","5"
"TONG F","5"
"TRESILIAN JR","5"
"ULLSPERGER M","5"
"VAN ESSEN DC","5"
"VERSTRATEN FAJ","5"
"VITANYI P","5"
"WANG JX","5"
"WANG XJ","5"
"WHALEN DH","5"
"ZEKI S","5"
"ZIEGLER JC","5"
"ABDI H","4"
"ACHOUI D","4"
"APPS MAJ","4"
"ARABZADEH E","4"
"BALLARD D","4"
"BARTZ JA","4"
"BATTAGLIA JB","4"
"BAZIN PL","4"
"BEAUNY A","4"
"BEER RD","4"
"BENGTSSON SL","4"
"BISHOP SJ","4"
"BOEHM SG","4"
"BOGACZ R","4"
"BOLGER N","4"
"BOTTINI R","4"
"BRODKIN ES","4"
"BUKACH CM","4"
"BULLOCK D","4"
"BURR DC","4"
"BUTLER DL","4"
"BUTTERWORTH B","4"
"CARREIRAS M","4"
"CHRISTOFF TC","4"
"CLAYTON NS","4"
"COGNITIVE SEARCH RES GRP CSRG","4"
"COHEN G","4"
"COHEN MX","4"
"COLBY CL","4"
"COSMELLI D","4"
"COSMIDES L","4"
"COURVILLE AC","4"
"DAVACHI L","4"
"DAVIDOFF J","4"
"DAVIDSON PSR","4"
"DE FREITAS J","4"
"DE GELDER B","4"
"DE HEERING A","4"
"DELGADO MR","4"
"DICKE U","4"
"DIETRICH E","4"
"EISENBERGER NI","4"
"EVANS KK","4"
"FIEBELKORN IC","4"
"FISHER SE","4"
"FRANK MC","4"
"FREEDBERG D","4"
"GALLAGHER M","4"
"GOLDIN-MEADOW S","4"
"GOLDSTONE RL","4"
"GOODMAN ND","4"
"GOTTFRIED JA","4"
"GREENE JD","4"
"GREENE MR","4"
"GROSSMANN I","4"
"GWEON H","4"
"HAGOORT P","4"
"HALLIGAN PW","4"
"HANNAGAN T","4"
"HARRIS JA","4"
"HAYHOE M","4"
"HE S","4"
"HIKOSAKA O","4"
"HILLS TT","4"
"HIRSCHFELD LA","4"
"HOLLAND PC","4"
"HUNTENBURG JM","4"
"INTRILIGATOR J","4"
"JACK AI","4"
"JACKENDOFF R","4"
"JANSSEN MA","4"
"JARA-ETTINGER J","4"
"JOHNSON-FREY SH","4"
"KAHNEMAN D","4"
"KEUNINCKX L","4"
"KINZLER KD","4"
"KOHLS G","4"
"KOSSLYN SM","4"
"KREIMAN G","4"
"LAND M","4"
"LANGE C","4"
"LAU HC","4"
"LAZER D","4"
"LEGRAND E","4"
"LEVINE B","4"
"LEWANDOWSKY S","4"
"LEWIS MB","4"
"LIBERMAN Z","4"
"LIEBERMAN MD","4"
"LUPYAN G","4"
"MACKE JH","4"
"MACRAE CN","4"
"MAILLET D","4"
"MANNING CD","4"
"MARGOLIASH D","4"
"MARGULIES DS","4"
"MARKMAN AB","4"
"MARSLEN-WILSON W","4"
"MARTIN JR","4"
"MASSARO DW","4"
"MAUNSELL JHR","4"
"MECK WH","4"
"MEISTER L","4"
"MILLER GA","4"
"MIMES KA","4"
"MINIUSSI C","4"
"MOREWEDGE CK","4"
"MORO A","4"
"MUNOZ-MOLDES S","4"
"NOWAK MA","4"
"NUSBAUM HC","4"
"OBERAUER K","4"
"OKANOYA K","4"
"OLIVOLA CY","4"
"PALMERI TJ","4"
"PALOMBO M","4"
"PANZERI S","4"
"PEREA M","4"
"PEREIRA A","4"
"PLATT ML","4"
"PYLYSHYN Z","4"
"ROARK DA","4"
"ROBERTS AC","4"
"ROGERS BJ","4"
"ROLLS ET","4"
"ROTH G","4"
"SANCHEZ-VIVES MV","4"
"SAYETTE MA","4"
"SCHLEGEL R","4"
"SCHULTZ RT","4"
"SCHULZ JB","4"
"SCHWARTZ S","4"
"SENJU A","4"
"SIEGEL M","4"
"SLATER M","4"
"SMALL SL","4"
"SMITH SM","4"
"SNELL J","4"
"SPERBER D","4"
"SPINATH FM","4"
"SUTHANA N","4"
"THORNTON MA","4"
"THUT G","4"
"TOOBY J","4"
"TOURETZKY DS","4"
"TROIANI V","4"
"TSUJIMOTO S","4"
"ULLMAN M","4"
"ULLMAN TD","4"
"VAN DE VIJVER I","4"
"VARELA FJ","4"
"VASISHTH S","4"
"VERGUTS T","4"
"VO MLH","4"
"VOLKOW ND","4"
"VON CRAMON DY","4"
"VUILLAUME L","4"
"WAGEMANS J","4"
"WANN J","4"
"WAXMAN SR","4"
"WEGNER DM","4"
"WIECH K","4"
"WIG GS","4"
"WOLF OT","4"
"WONG ACN","4"
"WOODWARD AL","4"
"YANTIS S","4"
"YON D","4"
"YOVEL G","4"
"ALLMAN JM","3"
"ALTMANN GTM","3"
"AMER T","3"
"AMODIO DM","3"
"AMUNTS K","3"
"ANDREWS G","3"
"ANOBILE G","3"
"ANTONY JW","3"
"ARRIGHI R","3"
"BALAN P","3"
"BARON-COHEN S","3"
"BARRETT JL","3"
"BARTHOLOW BD","3"
"BAVELIER D","3"
"BECHARA A","3"
"BECHARA H","3"
"BECKER S","3"
"BECKERS JJ","3"
"BERGEN L","3"
"BERNS GS","3"
"BERRIDGE KC","3"
"BERTELSON P","3"
"BIALYSTOK E","3"
"BIRCH SAJ","3"
"BLISS D","3"
"BOOGERT NJ","3"
"BOSMAN CA","3"
"BREAZEAL C","3"
"BRIDGE DJ","3"
"BROOKS AM","3"
"BRUNEC IK","3"
"BRUNET N","3"
"BRUNO N","3"
"BUFACCHI RJ","3"
"BUTLER FX","3"
"BYRGE L","3"
"CACIOPPO JT","3"
"CALDERONE DJ","3"
"CAMERON CD","3"
"CAMPANELLA S","3"
"CARLYON RP","3"
"CARPENTER GA","3"
"CARSTENSEN LL","3"
"CASTALDI E","3"
"CASTIELLO U","3"
"CHAMBERS CD","3"
"CHASE VM","3"
"CHEMERO A","3"
"CHILDRESS AR","3"
"CHOMSKY N","3"
"CHUDEK M","3"
"CLARK RE","3"
"CLEGG BA","3"
"COCCHI L","3"
"COHEN NJ","3"
"COLE SR","3"
"CONWAY ARA","3"
"COOLS R","3"
"COUTANCHE MN","3"
"COWAN N","3"
"CRAIG ADB","3"
"CRAIK FIM","3"
"CROCKETT MJ","3"
"DALE AM","3"
"DAMASIO AR","3"
"DAMASIO H","3"
"DE HAAN EHF","3"
"DE JAEGHER H","3"
"DELOACHE JS","3"
"DELORME A","3"
"DERRFUSS J","3"
"DEVLIN JT","3"
"DIGIROLAMO GJ","3"
"DUBROW S","3"
"DURSTON S","3"
"EDELMAN S","3"
"ELL SW","3"
"EMERY NJ","3"
"ENGLE RW","3"
"EVANS JST","3"
"EVERAERT MBH","3"
"FAHRENFORT JJ","3"
"FAJEN BR","3"
"FERGUSON MJ","3"
"FERREIRA CS","3"
"FISCHBACHER U","3"
"FLANAGAN JR","3"
"FLETCHER B","3"
"FORNITO A","3"
"FORSTMANN B","3"
"FOX KCR","3"
"FUSTER JM","3"
"FUTRELL R","3"
"GABRIELI J","3"
"GALLOTTI M","3"
"GATHERCOLE SE","3"
"GAYET S","3"
"GHAHRAMANI Z","3"
"GIGERENZER G","3"
"GLASAUER S","3"
"GOEL V","3"
"GOLARAI G","3"
"GOLDSTEIN RZ","3"
"GOPNIK M","3"
"GRABENHORST F","3"
"GRAFMAN J","3"
"GRAHAM KS","3"
"GRAY K","3"
"HACKMAN DA","3"
"HADJIKHANI NK","3"
"HAKEEM AY","3"
"HALL S","3"
"HALPERN DF","3"
"HAMPSHIRE A","3"
"HANSLMAYR S","3"
"HARDT O","3"
"HARI R","3"
"HARLEY CW","3"
"HARTLEY CA","3"
"HAWKEY LC","3"
"HEATHERTON TF","3"
"HENRICH J","3"
"HIRSH JB","3"
"HODSOLL J","3"
"HOLMES EA","3"
"HORGA G","3"
"HORSCHLER DJ","3"
"HORVITZ JC","3"
"HUYBREGTS MAC","3"
"IRISH M","3"
"IRWIN W","3"
"ITO M","3"
"JOHNSON MK","3"
"JOHNSON SC","3"
"JONES PL","3"
"JUSCZYK PW","3"
"KAAN E","3"
"KARUZA EA","3"
"KEELE SW","3"
"KENDAL RL","3"
"KENNEDY DP","3"
"KENT C","3"
"KILNER JM","3"
"KOMAROVA NL","3"
"KORNYSHEVA K","3"
"KURZBAN R","3"
"LADAVAS E","3"
"LAMBERTS K","3"
"LASNIK H","3"
"LAWRENCE AD","3"
"LEE JLC","3"
"LEVELT WJM","3"
"LEVITIN DJ","3"
"LEVY R","3"
"LEWIS RL","3"
"LEWIS TL","3"
"LISTON C","3"
"LOPES A","3"
"MACDONALD PA","3"
"MACLEAN EL","3"
"MACLEOD CM","3"
"MAHOWALD K","3"
"MAKEIG S","3"
"MANNS JR","3"
"MAQUET P","3"
"MARRETT S","3"
"MARSHALL JC","3"
"MATHER G","3"
"MCDERMOTT KB","3"
"MCDOUGLE SD","3"
"MCGREGOR W","3"
"MCINTOSH AR","3"
"MENDOLA JD","3"
"MENG M","3"
"MIKLOSI A","3"
"MILLER DI","3"
"MILLS C","3"
"MOSCARELLO JM","3"
"MUNAFO MR","3"
"MYERS NE","3"
"NELSON SM","3"
"NIJHAWAN R","3"
"NIKOLIC D","3"
"NORMAN M","3"
"NOSEK BA","3"
"NOTEBAERT W","3"
"NOVEMBRE G","3"
"NUMMENMAA L","3"
"OATLEY K","3"
"OLSSON A","3"
"ONTON J","3"
"OTT T","3"
"OUDEYER PY","3"
"OUDIETTE D","3"
"PAFFEN CLE","3"
"PALVA JM","3"
"PALVA S","3"
"PAMMER K","3"
"PANDICH J","3"
"PARVIZI J","3"
"PEARLMUTTER NJ","3"
"PEELEN MV","3"
"PENHUNE VB","3"
"PENNEY TB","3"
"PENNYCOOK G","3"
"PETZSCHNER FH","3"
"PIANDADOSI I","3"
"PIAZZA M","3"
"POWERS AR","3"
"PRASADA S","3"
"RAND DG","3"
"RAYE CL","3"
"REES G","3"
"RIGOLI F","3"
"ROOZENDAAL B","3"
"ROTSHTEIN P","3"
"ROUX F","3"
"RUBINOV M","3"
"RUFFMAN T","3"
"RYCHLOWSKA M","3"
"SALLET J","3"
"SASAKI Y","3"
"SCASSELLATI B","3"
"SCHAAL S","3"
"SCHMACK K","3"
"SCHULZ L","3"
"SCHWARTZE M","3"
"SCOTT SK","3"
"SEITZ A","3"
"SERENO SC","3"
"SHADMEHR R","3"
"SHARP DJ","3"
"SHIBATA K","3"
"SHINE JM","3"
"SIEBEL WA","3"
"SIMON TJ","3"
"SINIGAGLIA C","3"
"SIP KE","3"
"SIRIGU A","3"
"SNOWDEN RJ","3"
"SPRING VL","3"
"STEIN J","3"
"STEPHAN KE","3"
"SWAAB TY","3"
"TALCOTT J","3"
"TAYLOR AH","3"
"TAYLOR JA","3"
"TENDOLKAR I","3"
"TETREAULT NA","3"
"THELEN E","3"
"THOMAS C","3"
"TOMBLIN JB","3"
"TOOTELL RBH","3"
"TOPAL J","3"
"TOTTENHAM N","3"
"TOUSSAINT M","3"
"TRACEY I","3"
"TRANEL D","3"
"TURNER BO","3"
"UHLHAAS PJ","3"
"VAN DE CRUYS S","3"
"VAN DER LELY HKJ","3"
"VAN DER STIGCHEL S","3"
"VAN DYKE JA","3"
"VIDYASAGAR TR","3"
"VINCK M","3"
"VON HOFSTEN C","3"
"VOYTEK B","3"
"WAGNER DD","3"
"WALKER JA","3"
"WANG SH","3"
"WARREN WH","3"
"WATSON KK","3"
"WATT C","3"
"WAYTZ A","3"
"WEBSTER M","3"
"WEINER KS","3"
"WHEATLEY T","3"
"WHITNEY C","3"
"WHITNEY D","3"
"WIERS RW","3"
"WIESE H","3"
"WINAWER J","3"
"WINSTON J","3"
"WITTMANN M","3"
"WIXTED JT","3"
"WOJTOWICZ JM","3"
"YARKONI T","3"
"YEO CH","3"
"YIP MJ","3"
"ZAKIL J","3"
"ZALESKY A","3"
"ZATORRE RJ","3"
"ZILLES K","3"
"AARTS H","2"
"ABEL NK","2"
"ABELEV M","2"
"ADCOCK RA","2"
"ALLEN NB","2"
"AMINOFF EM","2"
"ANDREWS-HANNA ZC","2"
"ANDREWS T","2"
"ANSARI D","2"
"ANSTIS S","2"
"ANZELLOTTI S","2"
"ARCIZET F","2"
"ARMONY JL","2"
"ARNONE D","2"
"ARU J","2"
"AVIDAN G","2"
"BAKER MC","2"
"BARATGIN J","2"
"BARENSE MD","2"
"BARNER D","2"
"BARULLI D","2"
"BATTAGLIA FP","2"
"BECERRA L","2"
"BECKMANN MF","2"
"BEIERHOLM UR","2"
"BENCHENANE K","2"
"BERMAN RA","2"
"BESTMANN S","2"
"BETZEL RF","2"
"BISWAL BB","2"
"BLAIR RJR","2"
"BLASI DE","2"
"BLYTHE RA","2"
"BOLLIMUNTA A","2"
"BONINI L","2"
"BORRAS C","2"
"BORSOOK D","2"
"BOWDEN EM","2"
"BOWERS JS","2"
"BOYNTON GM","2"
"BRADY WJ","2"
"BRASCAMP J","2"
"BROWNING M","2"
"BULLIER J","2"
"BUONOMANO DV","2"
"BUSEMEYER JR","2"
"CALDER AJ","2"
"CANTLON JF","2"
"CAREY S","2"
"CAREY SE","2"
"CARTEI V","2"
"CARVER CS","2"
"CAVANAUGH J","2"
"CIMPIAN A","2"
"CISEK P","2"
"COHEN JE","2"
"COLCOMBE O","2"
"COOK R","2"
"CORINA DP","2"
"COSTELLO CK","2"
"COULL JT","2"
"COWELL JM","2"
"CRADDOCK FX","2"
"CRAIG AD","2"
"CRIVELLI C","2"
"CROFT W","2"
"CRONE EA","2"
"CUSTERS R","2"
"CUTLER A","2"
"DAHL CJ","2"
"DALGLEISH T","2"
"DAVID SP","2"
"DE NEYS W","2"
"DE WAAL FBM","2"
"DEROY O","2"
"DI PAOLO E","2"
"DIAMOND A","2"
"DING W","2"
"DINGEMANSE M","2"
"DOGGE M","2"
"DONNER TH","2"
"DOUVEN I","2"
"DREVETS WC","2"
"DROIT-VOLET S","2"
"DUCHAINE BC","2"
"DUNBAR RIM","2"
"DUNHAM Y","2"
"EAGLEMAN DM","2"
"ECKSTEIN D","2"
"EGGER SW","2"
"EKSTROM AD","2"
"ELBERT T","2"
"ELGER CE","2"
"ELLIS CT","2"
"ELSABBAGH M","2"
"ENGELMANN JM","2"
"ENGEN HG","2"
"EPLEY N","2"
"ERICKSON KI","2"
"EVANS M","2"
"FALK EB","2"
"FALLENSTEIN B","2"
"FANSELOW MS","2"
"FAWCETT TW","2"
"FERRARI PF","2"
"FERRER-I-CANCHO R","2"
"FLECK J","2"
"FLEMING SM","2"
"FOX P","2"
"FRANKLIN S","2"
"FRANZ VH","2"
"FRAZIER RS","2"
"FREEDMAN DJ","2"
"FRINGS C","2"
"FRYDMAN C","2"
"FUHRMANN D","2"
"FUNK F","2"
"FUSAR-POLI BA","2"
"GANGESTAD SW","2"
"GANTMAN AP","2"
"GAWRONSKI B","2"
"GENDRON M","2"
"GLUCK MA","2"
"GLUTH S","2"
"GLYMOUR C","2"
"GOLDBERG TE","2"
"GOODWIN GP","2"
"GOSSELIN F","2"
"GOULD E","2"
"GRAY J","2"
"GRAZIANO MSA","2"
"GROEN IIA","2"
"GROSSBERG S","2"
"GRUNWALD T","2"
"GUERIN SA","2"
"GVIRTS HZ","2"
"HAMEROFF SR","2"
"HAMPTON RR","2"
"HANCOCK PJB","2"
"HANLEY JR","2"
"HANNON EE","2"
"HARMELECH T","2"
"HARMON-JONES E","2"
"HASTINGS NB","2"
"HAWKINS CB","2"
"HE Y","2"
"HEADLEY DB","2"
"HEALY SD","2"
"HEEKEREN HR","2"
"HEGGARTY P","2"
"HELFRICH RF","2"
"HENSON RN","2"
"HERRMANN CS","2"
"HESSELMANN G","2"
"HICKOK GS","2"
"HIGGINSON AI","2"
"HODGES JR","2"
"HOLMES AJ","2"
"HORNE Z","2"
"HORNER AJ","2"
"HRUSCHKA DJ","2"
"HUETT MT","2"
"HUMPHREYS K","2"
"HYDE KL","2"
"INTRAUB H","2"
"IOANNIDIS JPA","2"
"ISODA M","2"
"JACK RE","2"
"JAGUST WJ","2"
"JAZAYERI M","2"
"JEANNEROD M","2"
"JENKINSON M","2"
"JOEL D","2"
"JUECHEMS K","2"
"JULIAN JB","2"
"JUNG-BEEMAN M","2"
"KACELNIK G","2"
"KAM JWY","2"
"KAMIL AC","2"
"KEIL A","2"
"KELLY C","2"
"KENTRIDGE RW","2"
"KHEMLANI SS","2"
"KIM SG","2"
"KLEINSCHMIDT A","2"
"KLIMESCH W","2"
"KNOBE J","2"
"KNOLL LJ","2"
"KNOWLTON BJ","2"
"KORB P","2"
"KOSAKOWSKI HL","2"
"KOUNIOS J","2"
"KOVAS Y","2"
"KRAGEL PA","2"
"KRAUZLIS RJ","2"
"KROSS E","2"
"KVERAGA K","2"
"LABAR KS","2"
"LAIRD A","2"
"LAJE R","2"
"LAMEIRA AR","2"
"LANZILOTTO M","2"
"LARKUM ME","2"
"LEAHY BP","2"
"LEE D","2"
"LEWKOWICZ DJ","2"
"LI SC","2"
"LIGNEUL R","2"
"LOTTO AJ","2"
"LOURENCO SF","2"
"MADDIESON I","2"
"MALCOLM GL","2"
"MALLPRESS DEW","2"
"MANDY W","2"
"MARKMAN EM","2"
"MARTINHO-TRUSWELL A","2"
"MARTON-ALPER IZ","2"
"MASSE NY","2"
"MAUDOUX M","2"
"MAY ES","2"
"MAYR U","2"
"MCALONAN K","2"
"MCAULIFFE K","2"
"MCGETTIGAN C","2"
"MCGETTIGAN J","2"
"MCKENZIE CRM","2"
"MCKONE E","2"
"MCQUEEN JM","2"
"MEETER M","2"
"MEHLER J","2"
"MELKONYAN T","2"
"MENON RS","2"
"MERCIER H","2"
"MESHI D","2"
"MILLER GF","2"
"MILLER TE","2"
"MINZENBERG MJ","2"
"MISYAK JB","2"
"MODELLING ANIM DECISIONS GRP MADG","2"
"MONAGHAN P","2"
"MOORS P","2"
"MORILLON B","2"
"MORMINO EC","2"
"MUFWENE JB","2"
"MURADOGLU M","2"
"MUSSO M","2"
"MYERS CE","2"
"MYUNG IJ","2"
"NAKAYAMA K","2"
"NARAIN D","2"
"NAU M","2"
"NEVILLE HJ","2"
"NOE A","2"
"NOLDE SF","2"
"NOPPENEY U","2"
"NORRIS D","2"
"NOUDOOST B","2"
"NOVECK IA","2"
"OBLESER J","2"
"OOSTERHOF NN","2"
"OVER D","2"
"PAKARIAN P","2"
"PANKSEPP J","2"
"PARKINSON C","2"
"PATEL AD","2"
"PATRICK LM","2"
"PAUS T","2"
"PERETZ I","2"
"PERKINS AM","2"
"PERRODIN C","2"
"PETKOV CI","2"
"PFEIFER JH","2"
"PHILLIPS AJ","2"
"PHILLIPS S","2"
"PHILLIPS WA","2"
"PISANSKI K","2"
"PITT MA","2"
"PLOGHAUS A","2"
"POLITZER G","2"
"POLLATSEK K","2"
"POPLACK S","2"
"POWELL LJ","2"
"PRONIN E","2"
"PROULX T","2"
"PULCU E","2"
"PULVERMULLER F","2"
"PURVES D","2"
"QU C","2"
"QUARTZ SR","2"
"QUINN PC","2"
"REBOUL A","2"
"REBY D","2"
"REDDY V","2"
"REDINGTON M","2"
"REMINGTON ED","2"
"RENVALL H","2"
"RICHMOND LL","2"
"RIESKAMP J","2"
"RIJNTJES D","2"
"RILLING JK","2"
"RIMMELE JM","2"
"ROBERSON D","2"
"ROBINSON EC","2"
"RODRIGUEZ A","2"
"ROEDIGER HL","2"
"ROELFSEMA M","2"
"ROGERS SE","2"
"ROSATI AG","2"
"ROSEN MC","2"
"ROSKIES A","2"
"ROSSI S","2"
"ROSSINI PM","2"
"ROSSION B","2"
"ROZIN P","2"
"RUSSELL J","2"
"RUST NC","2"
"SAHAKIAN BJ","2"
"SALIMI-KHORSHIDI G","2"
"SANFORD AJ","2"
"SAPORTA N","2"
"SATPUTE AB","2"
"SCHEIER MF","2"
"SCHONBERG T","2"
"SCHURGER A","2"
"SERVAN-SCHREIBER D","2"
"SHAMAY-TSOORY SG","2"
"SHAMMA S","2"
"SHAMS L","2"
"SHARIKA KM","2"
"SHASTRI L","2"
"SHEN X","2"
"SHENHAV A","2"
"SHEPPES G","2"
"SHINN-CUNNINGHAM BG","2"
"SHIPP S","2"
"SHORS TJ","2"
"SIEGLER RS","2"
"SIKSTROM S","2"
"SIMONS JS","2"
"SIROTA CMA","2"
"SMITH JD","2"
"SMITH JE","2"
"SOKOLOV AA","2"
"SONG JH","2"
"SONUGA-BARKE EJS","2"
"SOUTHGATE V","2"
"SOWDEN PT","2"
"SPAAK E","2"
"SPIERS HJ","2"
"SPRENGELMEYER R","2"
"ST JACQUES PL","2"
"STACEY J","2"
"STADDON JER","2"
"STANLEY ML","2"
"STARK C","2"
"STARK E","2"
"STARMANS C","2"
"STARR MS","2"
"STEINBEIS N","2"
"STEINBERG L","2"
"STERN Y","2"
"STERZER P","2"
"STEVENS JR","2"
"STICKGOLD R","2"
"STILLMAN PE","2"
"STURT P","2"
"SUZUKI M","2"
"SUZUKI S","2"
"TAKAHASHI DY","2"
"TANAPAT P","2"
"TANNOCK R","2"
"TASIMI A","2"
"TETLOCK PE","2"
"THOMPSON VA","2"
"THORNHILL R","2"
"TIPPER SP","2"
"TODOROV A","2"
"TRAINOR LJ","2"
"TREMBLAY S","2"
"TRIMMER JM","2"
"TULVING E","2"
"TURK-BROWNE NB","2"
"TURNER BM","2"
"UGURBIL K","2"
"ULLMAN S","2"
"VAN BEN BERG AV","2"
"VAN DER HENST JC","2"
"VAN EE R","2"
"VAN VUGT M","2"
"VERDUYN P","2"
"VERSACE E","2"
"VIDAURRE D","2"
"VINSON LD","2"
"VUUST P","2"
"WAGNER SM","2"
"WANG J","2"
"WANG L","2"
"WASZAK F","2"
"WEILLER C","2"
"WEINBERGER DR","2"
"WENDELL BA","2"
"WERNER-SEIDLER A","2"
"WESTBROOK F","2"
"WHARTON CM","2"
"WHITE AL","2"
"WHITTINGTON JCR","2"
"WIENER SI","2"
"WIKENHEISER AM","2"
"WILSON WH","2"
"WOOD A","2"
"WOOLRICH MW","2"
"WURTZ RH","2"
"WYNN JS","2"
"YASSA MA","2"
"YBARRA O","2"
"YEATMAN JD","2"
"ZEITOUN N","2"
"ZIRNSAK M","2"
"ZUBERBUEHLER K","2"
"ZUO XN","2"
"ZYLBERBERG A","2"
"ABEL M","1"
"ABOITIZ F","1"
"ACKERMAN R","1"
"ADMON R","1"
"AGGLETON JP","1"
"AGLIOTI SM","1"
"AGUIRRE GK","1"
"AHISSAR E","1"
"AICHHORN M","1"
"AIMONE JB","1"
"AL ROUMI F","1"
"ALBERT MK","1"
"ALDAY PM","1"
"ALONSO E","1"
"ALTEROVITZ R","1"
"ALTMANN EM","1"
"ALVES H","1"
"AMES DR","1"
"AMLANI AA","1"
"AMUNTS SB","1"
"ANDERSEN RA","1"
"ANDERSON BL","1"
"ANDERSON JR","1"
"APPERLY IA","1"
"ARCARO MJ","1"
"ARIELY D","1"
"ARNSTEN AFT","1"
"ARZI A","1"
"ARZY S","1"
"ASANO R","1"
"AXELROD V","1"
"AZZALINI D","1"
"BAAYEN RH","1"
"BAIRD JA","1"
"BAKER TE","1"
"BAKKOUR A","1"
"BALDEWEG T","1"
"BALDWIN DA","1"
"BANAJI MR","1"
"BARON AS","1"
"BARONCHELLI A","1"
"BARRETT HC","1"
"BATTELLI L","1"
"BAUMARD N","1"
"BAYS PM","1"
"BEATY RE","1"
"BECCHIO C","1"
"BECK AT","1"
"BECK ED","1"
"BEDFORD FL","1"
"BEDNY M","1"
"BEER JS","1"
"BENEDEK M","1"
"BERMAN MG","1"
"BERRY DC","1"
"BERS MU","1"
"BERSICK M","1"
"BERTONE C","1"
"BERVOETS J","1"
"BEYRET B","1"
"BIDERMAN N","1"
"BIGMAN YE","1"
"BINDA P","1"
"BINGEL U","1"
"BIRBAUMER N","1"
"BISHOP DVM","1"
"BIZZI E","1"
"BLAKE P","1"
"BLAKE PR","1"
"BLANKENBURG F","1"
"BOECKX C","1"
"BOEKEL W","1"
"BOGDAN R","1"
"BONAIUTO J","1"
"BONAWITZ E","1"
"BONNEFON JF","1"
"BORN J","1"
"BORODITSKY L","1"
"BOS PA","1"
"BOSCH SE","1"
"BOSMAN C","1"
"BOSSAERTS P","1"
"BOURGIN DD","1"
"BRADLEY DC","1"
"BRAEM S","1"
"BRANCO T","1"
"BRAND CO","1"
"BRANIGAN HP","1"
"BREAKSPEAR M","1"
"BREEN N","1"
"BRENT MR","1"
"BREWER JB","1"
"BROCK J","1"
"BROOKS D","1"
"BROWN MW","1"
"BRYANT GA","1"
"BSHARY R","1"
"BUCKLEY A","1"
"BUCKLEY MJ","1"
"BUECHEL C","1"
"BUGG JM","1"
"BUHUSI CV","1"
"BURKART JM","1"
"BURLES F","1"
"BUTLER AC","1"
"BUTLER LT","1"
"CAMERER C","1"
"CAMPBELL KL","1"
"CAMPBELL L","1"
"CANNON JJ","1"
"CANNON TD","1"
"CARDINAL RN","1"
"CARMEL D","1"
"CARUANA F","1"
"CASTILLO CD","1"
"CHANDA ML","1"
"CHANDLER J","1"
"CHANG SWC","1"
"CHAUDHURI A","1"
"CHEKE L","1"
"CHELLAPPA R","1"
"CHENG K","1"
"CHENG T","1"
"CHRISTOPHE A","1"
"CIVAI C","1"
"CLARK DA","1"
"CLERKIN E","1"
"CLORE GL","1"
"COCUZZA MW","1"
"COLE J","1"
"COLLINS DR","1"
"COLMAN AM","1"
"COMAN A","1"
"COONEY JW","1"
"COOPERRIDER K","1"
"CORICELLI G","1"
"CORLETT P","1"
"COSTA A","1"
"COUGHLIN C","1"
"COVINGTON NV","1"
"COWEN AS","1"
"CROSBY M","1"
"CRUMP MJC","1"
"CUSHMAN F","1"
"D'AUSILIO A","1"
"D'SOUZA D","1"
"D'SOUZA H","1"
"DAITCH AL","1"
"DALE R","1"
"DARWIN CJ","1"
"DAVID AS","1"
"DAVIS KD","1"
"DE BERKER AO","1"
"DE BRUIN L","1"
"DE HOUWER J","1"
"DE OLIVEIRA-SOUZA R","1"
"DEACON T","1"
"DEBIEC J","1"
"DECHARMS RC","1"
"DECO G","1"
"DEDEO S","1"
"DENG W","1"
"DENHAM SL","1"
"DENISON S","1"
"DENNIS S","1"
"DENYS D","1"
"DEOUELL LY","1"
"DESMOND JE","1"
"DESROCHERS TM","1"
"DEYOUNG CG","1"
"DEZECACHE G","1"
"DHAMALA R","1"
"DI PAOLO EA","1"
"DIJKERMAN HC","1"
"DIJKSTRA N","1"
"DIWADKAR VA","1"
"DOERIG A","1"
"DOLAN R","1"
"DONNELLY S","1"
"DOTAN D","1"
"DRISSI-DAOUDI L","1"
"DU M","1"
"DUFAU S","1"
"DUFF MC","1"
"DUMAS G","1"
"DUNABEITIA JA","1"
"DUNCAN NW","1"
"DUNCAN S","1"
"DUZEL E","1"
"DWYER S","1"
"DY J","1"
"DYE MWG","1"
"EDELMAN H","1"
"EISNER F","1"
"ENDRESS AD","1"
"ENGELMANN F","1"
"EVANS DA","1"
"EVANS JSBT","1"
"EVANS KE","1"
"EVERITT B","1"
"FADIGA PE","1"
"FARID H","1"
"FAUST M","1"
"FELDMAN J","1"
"FELLOWS LK","1"
"FELLRATH J","1"
"FENTON AA","1"
"FFYTCHE D","1"
"FIAS W","1"
"FIDDICK L","1"
"FIEZ JA","1"
"FINCHAM JM","1"
"FISCHER AG","1"
"FISHER R","1"
"FLAKE JK","1"
"FLETCHER K","1"
"FLINT J","1"
"FLOREANO D","1"
"FOSTER BL","1"
"FOX CR","1"
"FREEMAN JB","1"
"FREIWALD WA","1"
"FREUD E","1"
"FRUHHOLZ S","1"
"GAFFAN D","1"
"GAGE FH","1"
"GALVAN A","1"
"GANIS G","1"
"GARAVAN H","1"
"GARCIA R","1"
"GARFINKEL SN","1"
"GARRETT N","1"
"GASPELIN N","1"
"GEBUIS T","1"
"GENON S","1"
"GEPNER B","1"
"GERSHMAN SJ","1"
"GESCHWIND DH","1"
"GEVERS W","1"
"GHETTI S","1"
"GILMORE AW","1"
"GINGINS S","1"
"GIURFA M","1"
"GLICKSTEIN M","1"
"GLOVER S","1"
"GLUCKSBERG S","1"
"GOLD J","1"
"GOMEZ J","1"
"GOMEZ JC","1"
"GONNERMAN LM","1"
"GOPNIK A","1"
"GORDON RM","1"
"GRAFMAN JH","1"
"GRAY R","1"
"GRAY RD","1"
"GREYSON B","1"
"GRIFFITHS A","1"
"GROSSMANN T","1"
"GRUBER MJ","1"
"GRUNBAUM T","1"
"GRUNEWALD A","1"
"GUITART-MASIP M","1"
"GUNTUPALLI JS","1"
"GUO C","1"
"HABIB R","1"
"HADSELL R","1"
"HAGMAYER Y","1"
"HAJIHOSSEINI A","1"
"HALBERDA J","1"
"HAMALAINEN M","1"
"HAMILTON RH","1"
"HAN S","1"
"HANCOCK R","1"
"HARDCASTLE VG","1"
"HARDWICKE TE","1"
"HASHER L","1"
"HASSIN RR","1"
"HAUSER M","1"
"HAUSER PC","1"
"HAWKINS GE","1"
"HAY JB","1"
"HAYWARD WG","1"
"HAZELTINE E","1"
"HEARNE L","1"
"HEAVEY CL","1"
"HEIMLER B","1"
"HELMING KA","1"
"HELMUTH LL","1"
"HENDLER T","1"
"HENIK A","1"
"HERMES D","1"
"HERNANDEZ A","1"
"HERWEG NA","1"
"HERZOG MH","1"
"HERZOG SM","1"
"HEYWOOD CA","1"
"HILL EL","1"
"HILL MQ","1"
"HILLARY FG","1"
"HIMBERG T","1"
"HINES M","1"
"HIRST W","1"
"HITCH G","1"
"HOBSON JA","1"
"HOEFT F","1"
"HOEMANN K","1"
"HOFSTETTER S","1"
"HOLDEN JG","1"
"HOLDEN JM","1"
"HOLEKAMP KE","1"
"HOLYOAK KJ","1"
"HONG DS","1"
"HOPFENSITZ A","1"
"HORWITZ B","1"
"HOWARD MW","1"
"HUBER R","1"
"HUETTEL SA","1"
"HUGHES BL","1"
"HUNTSINGER JR","1"
"HURLBURT R","1"
"HURLEY S","1"
"HYDE LW","1"
"IARIA G","1"
"ISLER K","1"
"ITO T","1"
"IVANOVA A","1"
"IVERSEN JR","1"
"JACKSON SR","1"
"JACOB SN","1"
"JACOBS AM","1"
"JACOBS RA","1"
"JACQUEMOT C","1"
"JACQUET M","1"
"JAEGGI SM","1"
"JAYARAMAN S","1"
"JBABDI S","1"
"JEDLICKA P","1"
"JENKE L","1"
"JOHNSON A","1"
"JOHNSON KL","1"
"JONES S","1"
"JONES W","1"
"JOSHI S","1"
"KADOSH KC","1"
"KADOSH RC","1"
"KAKO E","1"
"KARASZEWSKI B","1"
"KATZ LN","1"
"KAY K","1"
"KAY KN","1"
"KAYE LK","1"
"KEIL FC","1"
"KELLO CT","1"
"KELTNER D","1"
"KENETT YN","1"
"KENTROS C","1"
"KHAN Z","1"
"KIDD E","1"
"KIEFER M","1"
"KIHLSTROM JF","1"
"KIM HF","1"
"KING JA","1"
"KIRWAN CB","1"
"KLIN A","1"
"KNILL DC","1"
"KOCH A","1"
"KOKKOLA N","1"
"KOUTSTAAL W","1"
"KRAUS N","1"
"KRUEGER F","1"
"KRUGERS HJ","1"
"KRUSCHKE JK","1"
"KUBRICHT JR","1"
"KUCYI A","1"
"KUHN G","1"
"LAMBERT S","1"
"LANDAU B","1"
"LANE T","1"
"LANGDON R","1"
"LANGNER R","1"
"LAU D","1"
"LAWSON R","1"
"LEAL S","1"
"LEFEBVRE L","1"
"LEVI DM","1"
"LI P","1"
"LIBERMAN N","1"
"LINGNAU A","1"
"LINKENKAER-HANSEN K","1"
"LIU CH","1"
"LIVINGSTONE MS","1"
"LOBUE V","1"
"LOCKWOOD PL","1"
"LU H","1"
"LUK G","1"
"LUMER E","1"
"LYNCH E","1"
"MA Y","1"
"MACKAY WA","1"
"MACLEOD DIA","1"
"MACWHINNEY B","1"
"MAIA TV","1"
"MAIDENBAUM S","1"
"MALONE SA","1"
"MAMASSIAN P","1"
"MANN S","1"
"MARANTZ A","1"
"MARELLI M","1"
"MARKSON L","1"
"MARS RB","1"
"MARSHALL PJ","1"
"MARSLEN-WILSON WD","1"
"MARTIN J","1"
"MARTINS PT","1"
"MATTAR MG","1"
"MAYES AR","1"
"MAYO JP","1"
"MCCLELLAND T","1"
"MCGLINCHEY-BERROTH R","1"
"MCINTOSH RD","1"
"MCKENZIE S","1"
"MCLAUGHLIN J","1"
"MCLAUGHLIN KA","1"
"MEDIN DL","1"
"MEHRPOUR V","1"
"MEHTA MA","1"
"MELLOR DT","1"
"MELTZOFF AN","1"
"MESOUDI A","1"
"MESTRE D","1"
"MIDDLETON FA","1"
"MILAD MR","1"
"MILL R","1"
"MILLER KJ","1"
"MILLIDGE B","1"
"MILOYAN B","1"
"MILTON D","1"
"MISHRA J","1"
"MITON H","1"
"MITTNER M","1"
"MIYAMOTO Y","1"
"MOAYEDI A","1"
"MOGHEKAR A","1"
"MOLE C","1"
"MOLL J","1"
"MONACO AP","1"
"MONDRAGON E","1"
"MONTOYA ER","1"
"MORALES J","1"
"MORAND-FERRON J","1"
"MOREAU Q","1"
"MORMANN M","1"
"MORRIS A","1"
"MORRISON I","1"
"MORRONE MC","1"
"MUELLER A","1"
"MURAWSKI C","1"
"MUSHIAKE H","1"
"MUSSA-IVALDI FA","1"
"MUZUR A","1"
"MYLOPOULOS M","1"
"NAKAMURA K","1"
"NELKEN I","1"
"NESPOR M","1"
"NEUMANN H","1"
"NEWBURY DF","1"
"NEWCOMBE NS","1"
"NEWELL BR","1"
"NICENBOIM B","1"
"NIENBORG RA","1"
"NIGBUR T","1"
"NIR Y","1"
"NISBETT RE","1"
"NOEL JP","1"
"NOLFI S","1"
"NORTON MI","1"
"NOSOFSKY R","1"
"NUNEZ R","1"
"O'BRIEN JB","1"
"O'KEEFE J","1"
"O'ROURKE T","1"
"OAKES F","1"
"OAKLEY DA","1"
"ODEGAARD B","1"
"OITZL MS","1"
"OPPENHEIMER DM","1"
"OSTERHOUT L","1"
"OSVATH M","1"
"OULLIER O","1"
"OVER DE","1"
"PACE-SCHOTT EF","1"
"PACTON S","1"
"PALLIER C","1"
"PALMINTERI S","1"
"PAOLACCI G","1"
"PARDE CJ","1"
"PARE D","1"
"PARKKONEN L","1"
"PASCANU R","1"
"PASTOR-SATORRAS R","1"
"PAYNE BR","1"
"PAZZAGLIA M","1"
"PEER M","1"
"PELLETIER JG","1"
"PERANI D","1"
"PERRUCHET P","1"
"PERRY R","1"
"PETRIDE M","1"
"PETTER EA","1"
"PHILLIPS I","1"
"PHILLIPS J","1"
"PICKERING AD","1"
"PIERZCHAJLO S","1"
"PILLET I","1"
"PINHEIRO-CHAGAS P","1"
"PINTO Y","1"
"PLATEK SM","1"
"PLONSKY O","1"
"PLUNKETT K","1"
"POMERANTZ JR","1"
"PRICE JL","1"
"PTAK R","1"
"PU ZW","1"
"PUGH KR","1"
"PUJARA MS","1"
"PYLKKANEN L","1"
"PYYSIAINEN I","1"
"QIN Y","1"
"QUINN JL","1"
"RABAGLIATI H","1"
"RABINOVICH MI","1"
"RABY CR","1"
"RADFORD AN","1"
"RAHMAN RA","1"
"RAHMAN S","1"
"RAHNEV D","1"
"RAIHANI NJ","1"
"RAMUS F","1"
"RAO D","1"
"RAVIGNANI A","1"
"READER SM","1"
"REBOLLO I","1"
"REECK C","1"
"REGAN D","1"
"REID A","1"
"RHODES GC","1"
"RINALDI L","1"
"RITCHIE JB","1"
"RITTER VK","1"
"ROBINSON EJ","1"
"ROGERS RD","1"
"ROSS J","1"
"ROY D","1"
"RUBINSTEN O","1"
"RUCCI M","1"
"RUFF CC","1"
"RUIZ S","1"
"RUMIATI RI","1"
"RUSHTON SK","1"
"RUSSO JE","1"
"RUSU AA","1"
"RUTISHAUSER U","1"
"SACKS O","1"
"SAFFRAN JR","1"
"SAKAI K","1"
"SALIMPOOR VN","1"
"SALOMONS TV","1"
"SALVUCCI DD","1"
"SAMSON D","1"
"SANTESTEBAN M","1"
"SANTOLIN C","1"
"SCERIF G","1"
"SCHADE PF","1"
"SCHLERF JE","1"
"SCHMAJUK NA","1"
"SCHMIDT JR","1"
"SCHMITZ TW","1"
"SCHNIDER A","1"
"SCHOENBAUM G","1"
"SCHOTTER ER","1"
"SCHULKIN J","1"
"SCHUTTER DJLG","1"
"SCHWEINBERGER SR","1"
"SCOTT SH","1"
"SEGHIER ML","1"
"SENIOR C","1"
"SENKOWSKI D","1"
"SERINO A","1"
"SEYMOUR B","1"
"SHAMAY-TSOORY S","1"
"SHANAHAN M","1"
"SHAROT T","1"
"SHEPARD S","1"
"SHER S","1"
"SHERIDAN MA","1"
"SHERWOOD CC","1"
"SHESKIN M","1"
"SHIMA K","1"
"SHULTZ S","1"
"SIE M","1"
"SILVIA PJ","1"
"SIMMONS AN","1"
"SIMNER J","1"
"SIROIS S","1"
"SITARAM R","1"
"SKEIDE MA","1"
"SKLAR AY","1"
"SKOTTUN BC","1"
"SLOBODA JA","1"
"SLOMAN SA","1"
"SMAERS JB","1"
"SMALDINO PE","1"
"SMILLIE LD","1"
"SMITH L","1"
"SMITH ML","1"
"SOBEL N","1"
"SOL D","1"
"SOLOMON EA","1"
"SOLOMON KO","1"
"SOMMER MA","1"
"SONKUSARE S","1"
"SORG C","1"
"SOTO-FARACO MG","1"
"SOUGNE J","1"
"SPAULDING KN","1"
"SPITZER M","1"
"STARK CEL","1"
"STARK SM","1"
"STEMPEL AV","1"
"STERN E","1"
"STERNBERG RJ","1"
"STEYVERS M","1"
"STOCCO A","1"
"STOKES M","1"
"STOUT JC","1"
"STRICK PL","1"
"STRICKLAND B","1"
"SUCHOW JW","1"
"SUZUKI WA","1"
"SZINTE M","1"
"TACHIBANA RO","1"
"TAGAMETS MA","1"
"TALSMA D","1"
"TAMBINI A","1"
"TANJI J","1"
"TENNIE C","1"
"TERRACE HS","1"
"THACH WT","1"
"THAKKAR KN","1"
"THOMASON ME","1"
"THOMPSON WL","1"
"THORNTON A","1"
"THORNTON C","1"
"TOELCH U","1"
"TRAXLER MJ","1"
"TREUE S","1"
"TROPE Y","1"
"TROUT JD","1"
"TSAO DY","1"
"TSETSOS K","1"
"UNKELBACH C","1"
"VAIDYA AR","1"
"VAIL AL","1"
"VALE R","1"
"VALLENTIN D","1"
"VAN'T VEER AE","1"
"VAN DEN HEUVEL MI","1"
"VAN DESSEL P","1"
"VAN GERVEN MAJ","1"
"VAN LOMMEL P","1"
"VAN RIJN H","1"
"VAN SCHAIK CP","1"
"VARONA P","1"
"VAVRA P","1"
"VAZIRE S","1"
"VOGEL S","1"
"VOLZ KG","1"
"VOOGD J","1"
"VRIJ A","1"
"VROOMEN J","1"
"WAGNER L","1"
"WALKER M","1"
"WALL HJ","1"
"WALLIS JD","1"
"WANDELL BA","1"
"WARD LM","1"
"WATERMAN I","1"
"WEISSMAN DH","1"
"WHALEN PJ","1"
"WHITE-SCHWOCH T","1"
"WIEGERT O","1"
"WILLEMS RM","1"
"WILSON SM","1"
"WINKLER I","1"
"WOJTOWICZ Z","1"
"WOLFF MJ","1"
"WOOD P","1"
"WOODMAN GF","1"
"WOUTERS A","1"
"WU R","1"
"WYART V","1"
"YAMAMOTO S","1"
"YAMASHIRO JK","1"
"YASUDA M","1"
"YU AJ","1"
"YU C","1"
"ZAKI S","1"
"ZALD DH","1"
"ZATORRE A","1"
"ZINK CF","1"
"ZURN P","1"
"[ANONYMOUS 10107] A","0"
"[ANONYMOUS 103476] A","0"
"[ANONYMOUS 103505] A","0"
"[ANONYMOUS 103579] A","0"
"[ANONYMOUS 11071] A","0"
"[ANONYMOUS 113844] A","0"
"[ANONYMOUS 123033] A","0"
"[ANONYMOUS 124399] A","0"
"[ANONYMOUS 133769] A","0"
"[ANONYMOUS 140826] A","0"
"[ANONYMOUS 142680] A","0"
"[ANONYMOUS 152459] A","0"
"[ANONYMOUS 152488] A","0"
"[ANONYMOUS 161467] A","0"
"[ANONYMOUS 163116] A","0"
"[ANONYMOUS 172927] A","0"
"[ANONYMOUS 18638] A","0"
"[ANONYMOUS 193065] A","0"
"[ANONYMOUS 19431] A","0"
"[ANONYMOUS 19547] A","0"
"[ANONYMOUS 19575] A","0"
"[ANONYMOUS 204421] A","0"
"[ANONYMOUS 204764] A","0"
"[ANONYMOUS 216078] A","0"
"[ANONYMOUS 216106] A","0"
"[ANONYMOUS 226501] A","0"
"[ANONYMOUS 226614] A","0"
"[ANONYMOUS 235929] A","0"
"[ANONYMOUS 236180] A","0"
"[ANONYMOUS 2401] A","0"
"[ANONYMOUS 2429] A","0"
"[ANONYMOUS 244630] A","0"
"[ANONYMOUS 2493] A","0"
"[ANONYMOUS 252197] A","0"
"[ANONYMOUS 252361] A","0"
"[ANONYMOUS 260023] A","0"
"[ANONYMOUS 270858] A","0"
"[ANONYMOUS 278107] A","0"
"[ANONYMOUS 279029] A","0"
"[ANONYMOUS 279156] A","0"
"[ANONYMOUS 28470] A","0"
"[ANONYMOUS 28498] A","0"
"[ANONYMOUS 28559] A","0"
"[ANONYMOUS 28587] A","0"
"[ANONYMOUS 46174] A","0"
"[ANONYMOUS 55503] A","0"
"[ANONYMOUS 55705] A","0"
"[ANONYMOUS 64628] A","0"
"[ANONYMOUS 64760] A","0"
"[ANONYMOUS 64910] A","0"
"[ANONYMOUS 65032] A","0"
"[ANONYMOUS 74715] A","0"
"[ANONYMOUS 74746] A","0"
"[ANONYMOUS 84123] A","0"
"[ANONYMOUS 84275] A","0"
"[ANONYMOUS 93902] A","0"
"[ANONYMOUS 93933] A","0"
"ABUTALEBI J","0"
"ACHAKULVISUT T","0"
"ACKERMAN JM","0"
"ADACHI Y","0"
"ADALI T","0"
"ADDLEMAN DA","0"
"ADOLPH KE","0"
"AGING","0"
"AKRAMI A","0"
"ALAIS D","0"
"ALEKSANDER I","0"
"ALEMAN A","0"
"ALEXANDER MH","0"
"ALEXANDERSEN K","0"
"ALHO K","0"
"ALI MN","0"
"ALIKARAMI E","0"
"ALLEN AL","0"
"ALLEN EA","0"
"ALLEN M","0"
"ALLEN PA","0"
"ALLRED SR","0"
"ALY M","0"
"AMARI S","0"
"AMIL AF","0"
"ANAGNOSTARAS SG","0"
"ANDERSON AK","0"
"ANDERSON E","0"
"ANDERSON J","0"
"ANDERSON M","0"
"ANDERSON NE","0"
"ANDERSON RA","0"
"ANDERSON SL","0"
"ANDOH J","0"
"ANDONIAN A","0"
"ANDREWS JL","0"
"ANDREWS K","0"
"ANDREWS TJ","0"
"APEL J","0"
"APKARIAN AV","0"
"ARBIB MA","0"
"ARKES H","0"
"ARKES HR","0"
"ARLIDGE W","0"
"ARNATKEVICIUTE A","0"
"ASLIN RN","0"
"ASSEM M","0"
"ASZALOS P","0"
"ATAY MS","0"
"ATIR J","0"
"ATKINSON AP","0"
"ATLAS LY","0"
"ATWOOD S","0"
"AUSTERWEIL JL","0"
"AWAD E","0"
"AXMACHER N","0"
"BACH-Y-RITA P","0"
"BACHMANN T","0"
"BADCOCK PB","0"
"BAGLINI RB","0"
"BAILEY AH","0"
"BAILEY DH","0"
"BAILEY KGD","0"
"BAIRD B","0"
"BAKER AT","0"
"BAKER C","0"
"BAKKER BN","0"
"BALASUBRAMANIAM R","0"
"BALER RD","0"
"BALL GF","0"
"BALLARD I","0"
"BALLEINE BW","0"
"BALOTA A","0"
"BANERJEE A","0"
"BANERJEE K","0"
"BANTHIN DC","0"
"BAPI RS","0"
"BAR-JOSEPH Z","0"
"BARACK BY","0"
"BARBEAU EJ","0"
"BARBUR JL","0"
"BARKOW JH","0"
"BARLOW H","0"
"BARNARD PJ","0"
"BARNDEN JA","0"
"BARNES MP","0"
"BAROR S","0"
"BAROUSSE C","0"
"BARRETT L","0"
"BARROUILLET P","0"
"BARRY C","0"
"BARRY G","0"
"BARRY TJ","0"
"BARTH AL","0"
"BARTOLI E","0"
"BARTON RA","0"
"BASKIN-SOMMERS A","0"
"BASYOUNI R","0"
"BATESON M","0"
"BATESON P","0"
"BATTY E","0"
"BAUER AKR","0"
"BAUER MS","0"
"BAUER PJ","0"
"BAXTER MG","0"
"BEARDEN JN","0"
"BEAUCHAMP MS","0"
"BECK DM","0"
"BEDAU MA","0"
"BEECKT HP","0"
"BEEVERS CG","0"
"BEILOCK SL","0"
"BEKEY GA","0"
"BELCHER AM","0"
"BELL AJ","0"
"BELL V","0"
"BELLEC P","0"
"BEN SIMON E","0"
"BENDOR D","0"
"BENEDEK G","0"
"BENSMAIA SJ","0"
"BENTALL R","0"
"BERBERIAN N","0"
"BERENT I","0"
"BERGELSON E","0"
"BERGMAN TJ","0"
"BERKOVITCH L","0"
"BERNSTEIN D","0"
"BERNSTEIN JG","0"
"BERRY CJ","0"
"BERRY D","0"
"BESSON M","0"
"BESTE C","0"
"BEUKERS AO","0"
"BEVILACQUA L","0"
"BHATIA S","0"
"BI Y","0"
"BIGAND E","0"
"BILDER RM","0"
"BILIMORIA PM","0"
"BIONDI M","0"
"BIRCH J","0"
"BIRD G","0"
"BLACKSTOCK W","0"
"BLACKWELL AD","0"
"BLADES M","0"
"BLAKEMORE N","0"
"BLANCHETTE I","0"
"BLANCO-ELORRIETA E","0"
"BLANDON-GITLIN I","0"
"BLANK IA","0"
"BLASER E","0"
"BLEDOWSKI C","0"
"BLUMBERGER DM","0"
"BOERNER K","0"
"BOETS B","0"
"BOGAERTS L","0"
"BONNEN K","0"
"BOOTHBY EJ","0"
"BORG J","0"
"BOSKING W","0"
"BOSTAN AC","0"
"BOTA M","0"
"BOURNE JA","0"
"BOWLING DL","0"
"BOYDEN ES","0"
"BRADLEY BP","0"
"BRADSHAW JL","0"
"BRAENDLE F","0"
"BRAGA RM","0"
"BRAISBY N","0"
"BRANDON M","0"
"BRANDT MJ","0"
"BRASE GL","0"
"BRASKIE MN","0"
"BRAUN J","0"
"BRAZIL IA","0"
"BREM SK","0"
"BREMNER AJ","0"
"BRENNAN PA","0"
"BRENNER E","0"
"BRETON J","0"
"BRIDGE H","0"
"BROWN GG","0"
"BROWN GR","0"
"BROWN S","0"
"BROZZOLI C","0"
"BRUS J","0"
"BRUZA PD","0"
"BRYSBAERT M","0"
"BUCHAN JN","0"
"BUCHHOLZ VN","0"
"BUCKHOLTZ JW","0"
"BUFFALO EA","0"
"BUGNYAR T","0"
"BULLOCK S","0"
"BULTHOFF H","0"
"BURDICK JW","0"
"BURKHART JC","0"
"BURNETT S","0"
"BURNHAM D","0"
"BURR DA","0"
"BUSCH NA","0"
"BUSCHMAN TJ","0"
"BUSEY TA","0"
"BUSS DM","0"
"BUSTAMANTE AS","0"
"BYERS-HEINLEIN K","0"
"BYRNE RW","0"
"BZDOK D","0"
"CAI Q","0"
"CAI W","0"
"CAI Y","0"
"CAINE D","0"
"CAIRNEY SA","0"
"CALHOUN VD","0"
"CALLAHAN-FLINTOFT C","0"
"CAMOS V","0"
"CAMPANA G","0"
"CAMPBELL R","0"
"CAMPBELL T","0"
"CAPEK CM","0"
"CAPLAN JB","0"
"CAPLOVITZ GP","0"
"CARLESIMO GA","0"
"CARLSON K","0"
"CARNEY DR","0"
"CARPENTER F","0"
"CARRE JM","0"
"CARRUTHERS P","0"
"CARTER RMK","0"
"CARVALHO F","0"
"CASATI R","0"
"CASCO C","0"
"CASEBEER WD","0"
"CASSOL H","0"
"CATE AD","0"
"CAUDEK C","0"
"CAVIOLA L","0"
"CBU OPEN SCI COMM CBUOSC","0"
"CELL PRESS TEAM CPT","0"
"CENSOR N","0"
"CHAM JG","0"
"CHANG EF","0"
"CHANG LJ","0"
"CHAO LL","0"
"CHARNESS ME","0"
"CHARTARIFSKY L","0"
"CHARTIER TF","0"
"CHATTERJEE A","0"
"CHEE MWL","0"
"CHEMERO AP","0"
"CHEMLA E","0"
"CHEN D","0"
"CHEN Q","0"
"CHEN S","0"
"CHEN X","0"
"CHENEY DL","0"
"CHENG JT","0"
"CHIU CPY","0"
"CHRISLEY R","0"
"CHRISTAKOU A","0"
"CHRISTIANSEN R","0"
"CHUNG K","0"
"CHURCH RM","0"
"CHURCHLAND AK","0"
"CHURCHLAND PS","0"
"CLAHSEN H","0"
"CLARK EV","0"
"CLARK L","0"
"CLARKE A","0"
"CLAYTON MS","0"
"CLIFFORD C","0"
"CLIFTON C","0"
"COCH D","0"
"COCQUYT C","0"
"COHEN AO","0"
"COHEN DJ","0"
"COHEN KA","0"
"COHEN LG","0"
"COLE WG","0"
"COLLIN C","0"
"COLLINS AM","0"
"COLLINS P","0"
"COLLSIOO A","0"
"CONITZER V","0"
"CONSTABLE RT","0"
"CONTI F","0"
"CONWAY BR","0"
"COOK JL","0"
"COOPER JA","0"
"COOPER R","0"
"COOPER RA","0"
"CORBETT B","0"
"CORBETTA M","0"
"CORKIN S","0"
"CORNILLEAU-PERES V","0"
"CORRELL J","0"
"COURTNEY SM","0"
"COWELL RA","0"
"CRACCO E","0"
"CREEL SC","0"
"CREEM-REGEHR SH","0"
"CROSS ES","0"
"CROW TJ","0"
"CRUME TL","0"
"CRYAN PWJ","0"
"CUI Z","0"
"CULHAM J","0"
"CULHAM JC","0"
"CULICOVER PW","0"
"CUSIMANO C","0"
"D'MELLO AM","0"
"DA SILVA FHL","0"
"DA SOUZA CSQ","0"
"DAHL MJ","0"
"DAL MONTE O","0"
"DALLA BARBA G","0"
"DALTON TC","0"
"DALY M","0"
"DANCKERT JA","0"
"DANET L","0"
"DANG J","0"
"DANILOVA M","0"
"DAPRATI E","0"
"DASGUPTA I","0"
"DASKALAKIS ZJ","0"
"DAVEY CG","0"
"DAVEY MP","0"
"DAVIDOW JY","0"
"DAVIDSON L","0"
"DAVIS CJ","0"
"DAVIS G","0"
"DAVIS M","0"
"DAWKINS MS","0"
"DE-WIT L","0"
"DE BROUWER AJ","0"
"DE DEYNE S","0"
"DE DREU CKW","0"
"DE GROOT JHB","0"
"DE KOCK R","0"
"DE LA CRUZ-PAVIA I","0"
"DE LOOF E","0"
"DE LOS REYES A","0"
"DE MELO CM","0"
"DE PAUW KW","0"
"DE QUERVAIN DJF","0"
"DE VRIES IEJ","0"
"DE WEERD P","0"
"DE WIT S","0"
"DE ZEEUW S","0"
"DEAK GO","0"
"DEAN J","0"
"DEANGELIS GC","0"
"DEBRUINE LM","0"
"DECASIEN AR","0"
"DECO D","0"
"DEISSEROTH K","0"
"DEKKER TM","0"
"DEMBSKI C","0"
"DERDIKMAN D","0"
"DEREX M","0"
"DESIMONE R","0"
"DESTEXHE A","0"
"DEWITT E","0"
"DI PELLEGRINO G","0"
"DICK AS","0"
"DIDIERJEAN A","0"
"DIERS M","0"
"DIGNATH D","0"
"DIJK DJ","0"
"DILKS DD","0"
"DINAN TG","0"
"DING N","0"
"DINSTEIN I","0"
"DIPERNA L","0"
"DITTRICH W","0"
"DIXON MJ","0"
"DIZIO PA","0"
"DODSON CS","0"
"DOMINI F","0"
"DONALDSON DI","0"
"DONKIN C","0"
"DOSHER BA","0"
"DOUBELL TP","0"
"DOWNAR J","0"
"DRAPER A","0"
"DRAYTON L","0"
"DRAYTON LA","0"
"DREHER JC","0"
"DROULEZ J","0"
"DROUTMAN V","0"
"DU Y","0"
"DUCHAINE B","0"
"DUCKWORTH AL","0"
"DUM RP","0"
"DUMOULIN SO","0"
"DUNBAR K","0"
"DUNBAR R","0"
"DUNN JC","0"
"DUNSMOOR JE","0"
"DUPRE J","0"
"DUVARCI S","0"
"DWARAKANATH A","0"
"DWYER DM","0"
"DYDE R","0"
"DYER MG","0"
"DYER RL","0"
"DYKE K","0"
"DYSON BJ","0"
"EAVES BS","0"
"EDWARDS G","0"
"EGLEN S","0"
"EHLERS MR","0"
"EICHELEL T","0"
"EIMER M","0"
"EKROLL V","0"
"ELHAI JD","0"
"ELIAVA M","0"
"ELISEEV ED","0"
"ELLIOTT ML","0"
"ELLIOTT R","0"
"ELLIOTT T","0"
"ELLIS BJ","0"
"ELOWSON AM","0"
"EMMANOUIL TA","0"
"EMMOREY K","0"
"ENGBERT R","0"
"ENGELL NN","0"
"ERGO K","0"
"ERICKSON MA","0"
"ERICSSON KA","0"
"ERK S","0"
"ERLICH JC","0"
"ERNMOREY K","0"
"ERSCHE KD","0"
"ESHEL N","0"
"ETZEL JA","0"
"EVERETT JAC","0"
"EVERETT JAG","0"
"EVERITT BJ","0"
"EVGENIOU T","0"
"FABIANI M","0"
"FAGOT J","0"
"FAHLE M","0"
"FAIGMAN D","0"
"FAN S","0"
"FARINA A","0"
"FAZIO LK","0"
"FECZKO E","0"
"FEI LF","0"
"FEINMANN C","0"
"FELDMAN JA","0"
"FELDMAN R","0"
"FELDMANHALL O","0"
"FELL J","0"
"FELLOUS JM","0"
"FELSER C","0"
"FENN E","0"
"FENTON N","0"
"FERNBACH PM","0"
"FERREIRA F","0"
"FERRI S","0"
"FIELD D","0"
"FINE C","0"
"FINKBEINER M","0"
"FINLAY BL","0"
"FINN ES","0"
"FIRESTONE C","0"
"FISCHER J","0"
"FISCHER MH","0"
"FISEK M","0"
"FISHBACH A","0"
"FISHMAN I","0"
"FITCHT WT","0"
"FITZGERALD THB","0"
"FLETCHER PC","0"
"FLOMBAUM JI","0"
"FLOR H","0"
"FLUET A","0"
"FODOR J","0"
"FODOR M","0"
"FOLLI R","0"
"FORSTER KI","0"
"FORSTMEIER S","0"
"FORSYTH JK","0"
"FORTUNATO L","0"
"FOSSE MJ","0"
"FOSSE R","0"
"FOSTER C","0"
"FOSTER DH","0"
"FOUCART A","0"
"FOULKES L","0"
"FOX AS","0"
"FRANCKS C","0"
"FRANKENHUIS WE","0"
"FRANKLIN A","0"
"FRAZIER L","0"
"FREDERICK S","0"
"FREEMAN N","0"
"FREEMAN TCA","0"
"FREUND MC","0"
"FRICK A","0"
"FRIDLUND AJ","0"
"FRIEDEN J","0"
"FRIEDMAN NP","0"
"FRISSON S","0"
"FRITSCHE M","0"
"FROMER R","0"
"FU Z","0"
"FULCHER BD","0"
"FULCHER ER","0"
"FURMAN M","0"
"GABRIELI JDE","0"
"GAILLARD R","0"
"GALBRAITH BV","0"
"GALLAGHER L","0"
"GALLEN CL","0"
"GAMO Y","0"
"GANEL T","0"
"GAO S","0"
"GAO X","0"
"GARCIA M","0"
"GARNHAM A","0"
"GARRISON JR","0"
"GASER C","0"
"GEE DG","0"
"GENTNER D","0"
"GERBER M","0"
"GERLICHER AMV","0"
"GERNSBACHER MA","0"
"GERRANS P","0"
"GERVAIN J","0"
"GERVAIS WM","0"
"GEURTS HM","0"
"GEWIRTZ JC","0"
"GHOSE GM","0"
"GHUMAN AS","0"
"GIAMBRONE S","0"
"GIBLIN CE","0"
"GIESEN C","0"
"GILBERT D","0"
"GILBERT I","0"
"GILES N","0"
"GILHOOLY K","0"
"GILLAN CM","0"
"GINGES J","0"
"GIRELLI L","0"
"GITCHO N","0"
"GLADHILL KA","0"
"GLEITMAN LR","0"
"GLUSHKO RJ","0"
"GOEBEL R","0"
"GOETSCHALCKX L","0"
"GOLD G","0"
"GOLDENBERG A","0"
"GOLDENBERG G","0"
"GOLDMAN AI","0"
"GOLDMAN D","0"
"GOLDSTEIN MH","0"
"GOLDSTEIN TR","0"
"GOLESORKHI J","0"
"GOLINKOFF RM","0"
"GOMEZ-ROBLES A","0"
"GOODALE MA","0"
"GOODMAN DFM","0"
"GORGOLEWSKI KJ","0"
"GOSSERIES O","0"
"GOUJON A","0"
"GRAHAM AM","0"
"GRAHAM G","0"
"GRANT KW","0"
"GRATTON G","0"
"GREEN PR","0"
"GREENE DJ","0"
"GREGORY RL","0"
"GRIFFITHS N","0"
"GRIFFITHS PE","0"
"GRIFFITHS T","0"
"GRINEVICH V","0"
"GRISONI L","0"
"GROBMAN KH","0"
"GU X","0"
"GUASTELLA AJ","0"
"GUDMUNDSDOTTIR A","0"
"GUENTUERKUEN O","0"
"GUEST E","0"
"GUIBAS J","0"
"GUO AL","0"
"GUTCHESS A","0"
"HABIB M","0"
"HACQUIN AS","0"
"HADJIKHANI N","0"
"HAEGENS S","0"
"HAFRI A","0"
"HAGENDOORN I","0"
"HAHN AC","0"
"HAHN U","0"
"HAILEY SE","0"
"HAITH AM","0"
"HALL PA","0"
"HALLE M","0"
"HAMEROFF S","0"
"HAMILTON AFC","0"
"HAMLIN JK","0"
"HAMPSON E","0"
"HANNAY JW","0"
"HARDEE JE","0"
"HARE M","0"
"HARESIGN IM","0"
"HARLEY H","0"
"HARNAD S","0"
"HARRINGTON MO","0"
"HARRIS E","0"
"HARRIS PL","0"
"HARRIS SE","0"
"HARTLEY RT","0"
"HARTWIGSEN G","0"
"HARTY S","0"
"HARVEY AJ","0"
"HARVEY BM","0"
"HARVEY N","0"
"HASELTON M","0"
"HASSINGER-DAS B","0"
"HASTIE R","0"
"HASTINGS MH","0"
"HASU M","0"
"HATANO G","0"
"HAUSSER M","0"
"HAWKINS RXD","0"
"HAYAKAWA S","0"
"HAYES BK","0"
"HAYIOU-THORNAS ME","0"
"HE H","0"
"HEATHERS JAJ","0"
"HEBSCHER M","0"
"HEDDEN T","0"
"HEDGER N","0"
"HEED T","0"
"HEGELICH S","0"
"HEHMAN E","0"
"HEILBRONNER SR","0"
"HEINSEN H","0"
"HEIT E","0"
"HEMELRIJK CK","0"
"HENDRICKS RK","0"
"HENDRICKSON A","0"
"HENDRICKSON E","0"
"HENG JA","0"
"HENKE K","0"
"HENNEQUIN G","0"
"HENSCH TK","0"
"HENSON RNA","0"
"HENZI P","0"
"HERNANDEZ AE","0"
"HERVE PY","0"
"HERZ N","0"
"HERZFELD DJ","0"
"HESS R","0"
"HIBBING JR","0"
"HIGHAM JP","0"
"HIRATA S","0"
"HIRSH-PASEK K","0"
"HOCH JE","0"
"HODGINS J","0"
"HOEFLE M","0"
"HOF PR","0"
"HOFFMAN DD","0"
"HOGENDOORN H","0"
"HOLLER J","0"
"HOLMES NP","0"
"HOLZLEITNER IJ","0"
"HONEY GD","0"
"HOOVER MA","0"
"HOUDE O","0"
"HOUSTON A","0"
"HOWE A","0"
"HSEE CK","0"
"HU PB","0"
"HUBER DE","0"
"HUEBNER B","0"
"HUETTIG F","0"
"HULME C","0"
"HUMMEL KJ","0"
"HUMPHREY N","0"
"HUNT LT","0"
"HURNPHREYS GW","0"
"HUSBANDS P","0"
"HUTCHERSON CA","0"
"HUTCHINSON JB","0"
"HYAFIL A","0"
"HYMAN SE","0"
"IEMI L","0"
"IIDA F","0"
"IMREY PB","0"
"INAGAKI K","0"
"INGENDAHL M","0"
"INGRAM J","0"
"INGRAM JN","0"
"INHOFF MC","0"
"INSEL C","0"
"INTRATOR N","0"
"IONE A","0"
"IRAJI A","0"
"IREDALE M","0"
"ISHAI A","0"
"ISLES AR","0"
"ITO TA","0"
"IVERSON JM","0"
"IYENGAR SS","0"
"JACKSON GM","0"
"JAEKEL F","0"
"JAMISON JC","0"
"JANIK VM","0"
"JANKA Z","0"
"JANOWSKY JS","0"
"JARCHO JM","0"
"JARRETT CB","0"
"JASKO K","0"
"JAVITT DC","0"
"JEFFERY KJ","0"
"JENKINS AC","0"
"JEON HA","0"
"JIANG Y","0"
"JOCHAM G","0"
"JOHANSEN-BERG H","0"
"JOHNSON-LAIRD P","0"
"JOHNSON SP","0"
"JOHNSTON VS","0"
"JOINER WM","0"
"JONES BC","0"
"JONES D","0"
"JONES MN","0"
"JORDAN-YOUNG R","0"
"JORDAN FM","0"
"JOSEPHS RA","0"
"JUAREZ EJ","0"
"JUNG TP","0"
"JUSLIN P","0"
"JUSTUS T","0"
"JUSTUS TC","0"
"KABADAYI C","0"
"KACELNIK A","0"
"KADOSHT RC","0"
"KAHANE G","0"
"KAISER A","0"
"KALISH M","0"
"KAMIJO K","0"
"KAMINSKI J","0"
"KAMPIS D","0"
"KAMPS FS","0"
"KANO F","0"
"KAO TC","0"
"KAPLAN DL","0"
"KAPLAN DM","0"
"KAPOOR V","0"
"KAPPES A","0"
"KARATSOREOS IN","0"
"KARDAS M","0"
"KATOVICH K","0"
"KATSURAKAWA M","0"
"KATZNER S","0"
"KAWAI N","0"
"KELIRIS GA","0"
"KELLEN D","0"
"KELLER MC","0"
"KELLEY WM","0"
"KEMENY A","0"
"KENNARD C","0"
"KENSINGER EA","0"
"KERCEL SW","0"
"KERESZTES A","0"
"KERI S","0"
"KEULEERS M","0"
"KEYSAR B","0"
"KEYSERLINGK MAG","0"
"KIEHL KA","0"
"KIESEL W","0"
"KILLCROSS S","0"
"KIM JG","0"
"KIM M","0"
"KIM SY","0"
"KIM TW","0"
"KINDERMANN SS","0"
"KING-CASAS B","0"
"KING AJ","0"
"KING KM","0"
"KIRCHNER WH","0"
"KIRKEBY-HINRUP A","0"
"KIVERSTEIN J","0"
"KLEINER LF","0"
"KNAPEN T","0"
"KNODT AR","0"
"KNUTSON B","0"
"KOCH I","0"
"KOEN JD","0"
"KOENIG MA","0"
"KOHLER S","0"
"KORB S","0"
"KORDING K","0"
"KOSSLYN S","0"
"KOURTZI Z","0"
"KOUSTA S","0"
"KOVECSES Z","0"
"KRAGEL JE","0"
"KRAKAUER JW","0"
"KRAMER SR","0"
"KRAUSE J","0"
"KRAUSE MR","0"
"KREKELBERG B","0"
"KRISHNAN S","0"
"KRUGLANSKI AW","0"
"KRUPENYE C","0"
"KRYKLYWY JH","0"
"KTEILY NS","0"
"KUBOVY M","0"
"KUEHN E","0"
"KUEHN S","0"
"KUHL BA","0"
"KUJALA J","0"
"KUNZ L","0"
"KVAVILASHVILI L","0"
"KYRIACOU CP","0"
"LA CORTE V","0"
"LABERGE S","0"
"LACKNER JR","0"
"LAIBSON D","0"
"LAMB MR","0"
"LAMME V","0"
"LAMONT AM","0"
"LAMOURET I","0"
"LANCASTER BL","0"
"LANDI SM","0"
"LANDRUM AR","0"
"LANDRY AP","0"
"LANDY MS","0"
"LANGDON A","0"
"LANGDON AJ","0"
"LAU JYF","0"
"LAUMANN TO","0"
"LAUWEREYNS J","0"
"LAVAN N","0"
"LAVRIC A","0"
"LAZARO-PEREA C","0"
"LE LEC F","0"
"LEAHY B","0"
"LEASK SJ","0"
"LECORPS B","0"
"LEDMYR H","0"
"LEDOUX J","0"
"LEE ACH","0"
"LEE H","0"
"LEE MD","0"
"LEE SH","0"
"LEECH R","0"
"LEGRAND D","0"
"LEHTO SM","0"
"LEIBENLUFT E","0"
"LEMPERT KM","0"
"LENDNER JD","0"
"LEONARD JA","0"
"LEONARD MK","0"
"LEONG V","0"
"LEOTTI LA","0"
"LEVANEN S","0"
"LEVINE S","0"
"LEVY B","0"
"LEVY JP","0"
"LEWIS-PEACOCK JA","0"
"LEWIS C","0"
"LEWIS DA","0"
"LEWIS NA","0"
"LEXICON CONSORTIUM ALC","0"
"LI M","0"
"LIAO SM","0"
"LIBERZON I","0"
"LIDZ J","0"
"LILLARD AS","0"
"LIN Z","0"
"LINDEN DEJ","0"
"LINDENBERGER M","0"
"LINDSAY P","0"
"LLERAS A","0"
"LOCKMAN JJ","0"
"LOFSTEDT R","0"
"LOFTUS EF","0"
"LOFTUS GR","0"
"LOGAN GD","0"
"LONG NM","0"
"LONGO MR","0"
"LORENC ES","0"
"LORENZ R","0"
"LORINCZ A","0"
"LOTEM JY","0"
"LOTH E","0"
"LOVE BC","0"
"LOWE CJ","0"
"LU ZL","0"
"LUBY JL","0"
"LUCAS BJ","0"
"LUCAS HD","0"
"LUCCA K","0"
"LUCHETTI M","0"
"LUDYGA S","0"
"LUKING KR","0"
"LUNA B","0"
"LUNGARELLA M","0"
"LUQUET S","0"
"LYDDY F","0"
"MA WJ","0"
"MACDONALD AA","0"
"MACDOUGALL-SHACKLETON SA","0"
"MACKINTOSH B","0"
"MACLEOD MR","0"
"MACSWEENEY M","0"
"MADDESS T","0"
"MADLAND G","0"
"MADSEN JR","0"
"MAESTRIPIERI D","0"
"MAGEN H","0"
"MAGLIO PP","0"
"MAGNE C","0"
"MAINEN ZF","0"
"MAKIN TR","0"
"MALLETT R","0"
"MALONEY EA","0"
"MALONEY LT","0"
"MANDLER JM","0"
"MANER JK","0"
"MANIGLIA M","0"
"MANKTELOW K","0"
"MANN M","0"
"MANSER M","0"
"MANSER MB","0"
"MARDELL LC","0"
"MAREN S","0"
"MARENGO D","0"
"MARINI M","0"
"MARINO C","0"
"MARINO L","0"
"MARIS E","0"
"MARKELLO RD","0"
"MARR M","0"
"MARSH EJ","0"
"MARSH L","0"
"MARSHALL-PESCINI S","0"
"MARSHALL UL","0"
"MARSOLEK CJ","0"
"MARTENS F","0"
"MARTIAL C","0"
"MARZI CA","0"
"MASIP J","0"
"MAST FW","0"
"MATA R","0"
"MATARIC MJ","0"
"MATHEWS A","0"
"MATLOCK T","0"
"MATSUZAWA T","0"
"MATTICK JS","0"
"MATTINGLEY J","0"
"MATTSON MP","0"
"MAURER AP","0"
"MAXWELL JS","0"
"MAYR S","0"
"MAZOYER B","0"
"MCCARTHY JD","0"
"MCCARTHY JJ","0"
"MCCARTNEY K","0"
"MCCLELLAND CM","0"
"MCCOWAN B","0"
"MCCRORY EJ","0"
"MCELLIGOTT AG","0"
"MCEWEN BS","0"
"MCGAUGH JL","0"
"MCGEARY JE","0"
"MCGREW WC","0"
"MCGUGIN RW","0"
"MCKEOWN MJ","0"
"MCLACHLAN S","0"
"MCLAREN IPL","0"
"MCNALLY RJ","0"
"MCNAMARA JM","0"
"MCNAMARA TP","0"
"MCNEILL D","0"
"MCNISH KA","0"
"MECKLINGER A","0"
"MEDER B","0"
"MEHR SA","0"
"MEHTA PH","0"
"MELLINGER C","0"
"MELLONI L","0"
"MENNINGHAUS W","0"
"MENON DK","0"
"MENZEL R","0"
"MERABET LB","0"
"MEYER J","0"
"MIALL C","0"
"MICERA S","0"
"MIKOLAJCZAK M","0"
"MILLER AH","0"
"MILLER R","0"
"MILLNER AJ","0"
"MILLROTH P","0"
"MILLS CM","0"
"MILLS KL","0"
"MILNER AD","0"
"MILNER D","0"
"MINEAULT TP","0"
"MIRANDA-DOMINGUEZ O","0"
"MISIC B","0"
"MISYAK J","0"
"MITCHELL AS","0"
"MITCHELL RLC","0"
"MITCHELL RW","0"
"MIYASHITA Y","0"
"MOEHRING W","0"
"MOELLER AH","0"
"MOELLER B","0"
"MOELLER M","0"
"MOELLER S","0"
"MOELLER SJ","0"
"MOGG K","0"
"MOGIL JS","0"
"MOITA MM","0"
"MOLL CKE","0"
"MOLLON JD","0"
"MONAHAN J","0"
"MONTAG C","0"
"MONTI MM","0"
"MORAN T","0"
"MOREAU D","0"
"MOREIN-ZAMIR S","0"
"MOREY CC","0"
"MORGAN E","0"
"MORGAN MJ","0"
"MORRIS JS","0"
"MORRISON RG","0"
"MORSE SJ","0"
"MOSER EI","0"
"MOSES P","0"
"MOSS AJ","0"
"MOTTOLESE C","0"
"MOTZ B","0"
"MOUZAKITIS A","0"
"MUCKLI L","0"
"MUELLER RA","0"
"MUELLER U","0"
"MUENCHAU A","0"
"MULDOON K","0"
"MULVENNA CM","0"
"MUNGALL AJ","0"
"MUNHALL KG","0"
"MURA A","0"
"MURATA N","0"
"MURPHY GL","0"
"MURPHY J","0"
"MURRAY MM","0"
"MURRAY SO","0"
"MURUGAN NJ","0"
"MUSALLAM S","0"
"MUSSLICK S","0"
"MYSTERUD I","0"
"NAATANEN R","0"
"NACCACHE L","0"
"NACI L","0"
"NAGY E","0"
"NAIK S","0"
"NAKAHARA K","0"
"NANCEKIVELL SE","0"
"NARAIN C","0"
"NASSAR MR","0"
"NASSAUER A","0"
"NATION K","0"
"NAUMER MJ","0"
"NAVARRO DJ","0"
"NAVLAKHA S","0"
"NAVRATILOVA E","0"
"NEIL M","0"
"NELSON CA","0"
"NELSON EE","0"
"NESTOR A","0"
"NEUROMATCH ACAD NMA NANMA","0"
"NEUROSKEPTIC N","0"
"NEWSOME WT","0"
"NGO CT","0"
"NGUYEN PV","0"
"NICHOLLS H","0"
"NICHOLS S","0"
"NICOLELIS MAL","0"
"NIEBUR E","0"
"NIEDZWIENSKA A","0"
"NIELSEN T","0"
"NIEUWENHUIS S","0"
"NIGG JT","0"
"NIKOLOVA YS","0"
"NISHIDA S","0"
"NISHIMOTO S","0"
"NIVEN EC","0"
"NOCK MK","0"
"NORDGREN LF","0"
"NORENZAYAN A","0"
"NOVAK N","0"
"O'BOYLE MW","0"
"O'DONNELL TJ","0"
"O'MARA S","0"
"O'REGAN JK","0"
"O'REILLY J","0"
"O'REILLY JX","0"
"OGANIAN Y","0"
"OGILVIE J","0"
"OJALEHTO B","0"
"OLSON AC","0"
"OLSON IR","0"
"OLSON KR","0"
"ONNIS L","0"
"OP DE","0"
"OPENDAK M","0"
"OPIE J","0"
"OPOKU-AGYEMANG K","0"
"OSADA T","0"
"OSHERSON DN","0"
"OSMAN M","0"
"OWEN J","0"
"OZUBKO JD","0"
"PACHERIE E","0"
"PAGLIACCIO D","0"
"PAILHES A","0"
"PAK J","0"
"PAKHOMOV S","0"
"PALMER-BROWN D","0"
"PALMER C","0"
"PALOMBO DJ","0"
"PAN Y","0"
"PANAGIOTAROPOULOS TI","0"
"PANERAI F","0"
"PAPASSOTIROPOULOS A","0"
"PAPATHOMAS TV","0"
"PAPENBERG G","0"
"PARIENTE J","0"
"PARK BK","0"
"PARK DC","0"
"PARK HD","0"
"PARSONS CE","0"
"PARSONS LM","0"
"PASPALAS CD","0"
"PATAI EZ","0"
"PATEL GH","0"
"PAUL B","0"
"PAULESU E","0"
"PAVAN A","0"
"PAVANI F","0"
"PAYNE BK","0"
"PEARSON JM","0"
"PEGADO F","0"
"PENDER NP","0"
"PEPES SE","0"
"PERFETTI CA","0"
"PERGOLA G","0"
"PERRET P","0"
"PERSICHETTI AS","0"
"PESARAN B","0"
"PESTILLI F","0"
"PETERS MAK","0"
"PETERSON B","0"
"PETIT L","0"
"PETRO LS","0"
"PEYRACHE A","0"
"PFAFF DW","0"
"PFEIFER R","0"
"PFISTER R","0"
"PFURTSCHELLER G","0"
"PHELPS CE","0"
"PHELPS E","0"
"PHELPS EA","0"
"PHELPS SM","0"
"PHILIPP A","0"
"PHILLIPS AG","0"
"PHILLIPS B","0"
"PHILLIPS C","0"
"PHILLIPS E","0"
"PHILLIPS F","0"
"PIANTADOSI I","0"
"PIANTADOSI ST","0"
"PIATTELLI-PALMARINI M","0"
"PIAZZA J","0"
"PICKARD JD","0"
"PIGNOCCHI N","0"
"PINANGO MM","0"
"PIND J","0"
"PINKER Z","0"
"PINSK MA","0"
"PIRRONE A","0"
"PISUPATI S","0"
"PITEL AL","0"
"PITKOW X","0"
"PITTS M","0"
"PITTS MA","0"
"PIVA M","0"
"PIZARRO DA","0"
"PIZZAGALLI D","0"
"PLITT M","0"
"PLUM F","0"
"PLYUSHTEVA A","0"
"POE G","0"
"POEPPEL E","0"
"POETTER-NERGER M","0"
"POGGIO T","0"
"POIRAZI C","0"
"POLANIA R","0"
"POLGER TW","0"
"POLINE JB","0"
"POLLMANN S","0"
"PORRECA F","0"
"PORTER SB","0"
"POTENZA MN","0"
"POULIN-CHARRONNAT B","0"
"POULIN-DUBOIS D","0"
"POURTOIS G","0"
"POVINELLI TJ","0"
"POWELL HM","0"
"POWER JD","0"
"PRICE C","0"
"PRINZ W","0"
"PROVERBIO AM","0"
"PROVINE RR","0"
"PUCE M","0"
"PULVERMUELLER F","0"
"PUNT J","0"
"PUSTEJOVSKY J","0"
"QUAM C","0"
"QUARTZ S","0"
"QUAYLE AH","0"
"QUINN AJ","0"
"QUINTANA DS","0"
"RABB N","0"
"RABE MM","0"
"RADULESCU A","0"
"RAES F","0"
"RAHWAN I","0"
"RAIJ T","0"
"RAIKOV C","0"
"RAKISON DH","0"
"RALPH MAL","0"
"RAMNANI N","0"
"RAMOT M","0"
"RAMSCAR LJ","0"
"RAMSCAR M","0"
"RAMSEY R","0"
"RAND AS","0"
"RANGE F","0"
"RANGEL A","0"
"RANGELOV D","0"
"RAPOPORT A","0"
"RATHJE S","0"
"RAUCH SL","0"
"RAWLINGS B","0"
"RAY S","0"
"RAZ A","0"
"READ SJ","0"
"READINGER W","0"
"REBER PJ","0"
"RECANZONE GH","0"
"REICH S","0"
"REICHELT AC","0"
"REID VM","0"
"REILLY J","0"
"REILLY RCO","0"
"REINA A","0"
"REISS D","0"
"RENNIE SM","0"
"REUTER-LORENZ PA","0"
"REY A","0"
"REY G","0"
"REYNA V","0"
"REYNA VF","0"
"RHODES MC","0"
"RICARTE J","0"
"RICHARDSON DC","0"
"RICHARDSON K","0"
"RIETVELD E","0"
"RIGGS KJ","0"
"RILEY EP","0"
"RIPPON G","0"
"RITCHEY M","0"
"RITVO VJH","0"
"RITZ H","0"
"ROADS BD","0"
"ROBBINS T","0"
"ROBERTS AR","0"
"ROBERTS ID","0"
"ROBERTSON C","0"
"ROBERTSON EM","0"
"ROBERTSON IH","0"
"ROBINAUGH DJ","0"
"ROBINSON L","0"
"RODRIGUEZ W","0"
"ROEDER B","0"
"ROELFSEMA P","0"
"ROGNINI G","0"
"ROLLWAGE M","0"
"ROMANCZUK P","0"
"RORDEN C","0"
"RORIE AE","0"
"ROSBURG T","0"
"ROSE S","0"
"ROSE SPR","0"
"ROSENBERG MD","0"
"ROSENTHAL CR","0"
"ROSENZWEIG C","0"
"ROSKAM I","0"
"ROSKIES AL","0"
"ROSS DA","0"
"ROTH I","0"
"ROTHERMUND K","0"
"ROULEAU N","0"
"ROYDEN CS","0"
"ROZENKRANTZ L","0"
"RUANGRONG T","0"
"RUBIN JD","0"
"RUCH S","0"
"RULE JS","0"
"RUSSELL T","0"
"RYAN J","0"
"RYAN MJ","0"
"RYCHLOWSKA P","0"
"RYU J","0"
"SABB DS","0"
"SADAGHIANI S","0"
"SADEH T","0"
"SAID CP","0"
"SAKS MJ","0"
"SAKSIDA LM","0"
"SALA G","0"
"SALMELIN R","0"
"SAMAHA J","0"
"SAMANEZ-LARKIN GR","0"
"SAMUELS R","0"
"SANDERS GS","0"
"SANDRINI M","0"
"SANTOS-PATA D","0"
"SAPROO S","0"
"SARKAR A","0"
"SCHAAFSMA SM","0"
"SCHAPIRO AC","0"
"SCHARNOWSKI F","0"
"SCHAUER F","0"
"SCHEINOST D","0"
"SCHELLENBERG EG","0"
"SCHENK T","0"
"SCHERER R","0"
"SCHIFF ND","0"
"SCHILBACH L","0"
"SCHLAGGAR BL","0"
"SCHLENKER P","0"
"SCHLESINGER M","0"
"SCHLOSS KB","0"
"SCHLOTTMANN A","0"
"SCHMID MC","0"
"SCHMITZ C","0"
"SCHNELL AK","0"
"SCHNUPP JWH","0"
"SCHOELKOPF B","0"
"SCHON D","0"
"SCHRATER P","0"
"SCHROEDER J","0"
"SCHROEGER E","0"
"SCHUBERT S","0"
"SCHUETZ-BOSBACH S","0"
"SCHULZ AP","0"
"SCHULZ E","0"
"SCHUMANN G","0"
"SCHWADE JA","0"
"SCHWADER KL","0"
"SCHWARZ KA","0"
"SCHWARZLOSE RF","0"
"SCHWEITZER NJ","0"
"SCHWETLICK L","0"
"SCHWIEDRZIK CM","0"
"SCOTT-PHILLIPS TC","0"
"SCOTT K","0"
"SEAL M","0"
"SEBASTIAN-GALLES N","0"
"SEBASTIAN C","0"
"SEDIKIDES C","0"
"SEELIG SA","0"
"SEGEN V","0"
"SEGOBIN S","0"
"SEITZ AR","0"
"SEJNOWSKI TJ","0"
"SEKULER R","0"
"SELF MW","0"
"SELLA F","0"
"SEMIN GR","0"
"SEN S","0"
"SERENO MI","0"
"SERIES P","0"
"SEYFARTH RM","0"
"SHACKMAN AJ","0"
"SHADLEN S","0"
"SHAFTO P","0"
"SHAGRIR O","0"
"SHALEV N","0"
"SHANKS DR","0"
"SHANNON RV","0"
"SHAPIRO K","0"
"SHAPIRO SC","0"
"SHARIFF AF","0"
"SHARP D","0"
"SHASHIDHARA S","0"
"SHAW A","0"
"SHEIKH UA","0"
"SHEKHAR M","0"
"SHELDON S","0"
"SHELTON AL","0"
"SHERRY DF","0"
"SHI Z","0"
"SHIFFRIN R","0"
"SHING YL","0"
"SHIRAMIZU V","0"
"SHTULMAN A","0"
"SHULTZ D","0"
"SIEGAL M","0"
"SILSON EH","0"
"SILSTON B","0"
"SILVER IM","0"
"SIMONCELLI EP","0"
"SIMONS ND","0"
"SIMPSON A","0"
"SIMPSON WA","0"
"SINCLAIR S","0"
"SINDERMANN D","0"
"SINGH AK","0"
"SINGH M","0"
"SINHA P","0"
"SINNOTT-ARMSTRONG W","0"
"SITT JD","0"
"SKOYLES J","0"
"SKUSE DH","0"
"SLAUGHTER V","0"
"SLAVKOVIK M","0"
"SLEZAK P","0"
"SLOTNICK B","0"
"SMALL DM","0"
"SMEETS JBJ","0"
"SMITH A","0"
"SMITH DG","0"
"SMITH EE","0"
"SMITH KB","0"
"SMITH LS","0"
"SMITH MA","0"
"SNOW JC","0"
"SNOWDON CT","0"
"SNOWLING M","0"
"SNYDER JS","0"
"SNYDER LH","0"
"SODOMA M","0"
"SOLANAS MP","0"
"SOLMS M","0"
"SOLOMON M","0"
"SOLOMON S","0"
"SOLOMON SH","0"
"SOLT K","0"
"SOLTANI A","0"
"SOLTESZ I","0"
"SOMERVILLE LH","0"
"SONG Z","0"
"SOTO C","0"
"SOUMIER A","0"
"SOWELL ER","0"
"SPEKTOR MS","0"
"SPENCE CE","0"
"SPERING M","0"
"SPIER E","0"
"SPINNEY L","0"
"SPIVEY MJ","0"
"SPRAGUE TC","0"
"SPRENG RN","0"
"SPUNT R","0"
"SRINIVASAN MV","0"
"STAFFORD JAR","0"
"STAFFORD T","0"
"STAGG CJ","0"
"STAHN AC","0"
"STALLEN M","0"
"STANKIEWICZ BJ","0"
"STANOVICH KE","0"
"STARCK JN","0"
"STARESINA BP","0"
"STARK EA","0"
"STARNS JJ","0"
"STARR JM","0"
"STEIN A","0"
"STEIN P","0"
"STERN CE","0"
"STERNBERG RI","0"
"STERNISKO A","0"
"STEWART L","0"
"STILES J","0"
"STISO J","0"
"STOET G","0"
"STOLIER RM","0"
"STOLK A","0"
"STONE C","0"
"STONE JV","0"
"STONE VE","0"
"STORMS G","0"
"STOUT D","0"
"STRALEY E","0"
"STRAND NK","0"
"STRIANO T","0"
"STRIEMER CL","0"
"STRINGER C","0"
"SUANDA SH","0"
"SUAREZ LE","0"
"SUCHAN B","0"
"SUGA N","0"
"SUHLER CL","0"
"SUMNER M","0"
"SUN X","0"
"SUN Z","0"
"SUNSTEIN CR","0"
"SURI G","0"
"SURIAN L","0"
"SUSILO T","0"
"SUTIN AR","0"
"SWAAB T","0"
"SWAN G","0"
"SWINNEN SP","0"
"SYAL S","0"
"SZATMARY G","0"
"SZNYCER D","0"
"SZOLLOSI A","0"
"SZPUNAR KK","0"
"TAATGEN N","0"
"TAKACS A","0"
"TAKAHASHI C","0"
"TALCOTT JB","0"
"TAN LH","0"
"TANAKA J","0"
"TANENHAUS MK","0"
"TASCHEREAU-DUMOUCHEL V","0"
"TASHJIAN SM","0"
"TATTERSALL I","0"
"TAYLOR JG","0"
"TAYLOR SF","0"
"TE PAS SF","0"
"TEICHMANN L","0"
"TEN BRINKE L","0"
"TENENBAUM JJ","0"
"TEPPER JA","0"
"TERBURG D","0"
"TERRACCIANO A","0"
"TEUFEL C","0"
"THAGARD P","0"
"THIBODEAU PH","0"
"THIELE A","0"
"THIERRY G","0"
"THOMAS A","0"
"THOMAS MSC","0"
"THOMPSON JC","0"
"THOMPSON PM","0"
"THORPE S","0"
"TIAN J","0"
"TIBON R","0"
"TIEMANN L","0"
"TILLMANN B","0"
"TITONE D","0"
"TITONE DA","0"
"TOATES F","0"
"TODD JT","0"
"TODD RM","0"
"TOMMASI L","0"
"TONI I","0"
"TOPOLINSKI S","0"
"TORRANCE S","0"
"TRACY JL","0"
"TRAMACERE A","0"
"TRAPP S","0"
"TREADWAY MT","0"
"TRENDS EDITORIAL TEAM TET","0"
"TRIMMER PC","0"
"TROMMERSHAEUSER J","0"
"TSOULI A","0"
"TUNG J","0"
"TURETSKY MK","0"
"TURNER DD","0"
"TURNER GR","0"
"TYBUR JM","0"
"TZELGOV J","0"
"TZOURIO-MAZOYER N","0"
"UCHIDA N","0"
"UNDERWOOD J","0"
"UTTAL DH","0"
"VALERIANI E","0"
"VALLAT R","0"
"VALLORTIGARA G","0"
"VALLORTIGARA NS","0"
"VAN BOXTEL JJA","0"
"VAN DE VONDERVOORT JW","0"
"VAN DEN HURK J","0"
"VAN DER SMAGT MJ","0"
"VAN EDE F","0"
"VAN HONK J","0"
"VAN OOYEN A","0"
"VAN ROOIJ I","0"
"VAN VIEGEN T","0"
"VAN WEZEL RJA","0"
"VAN ZANDT T","0"
"VANDEWALLE G","0"
"VARLEY R","0"
"VARTANIAN O","0"
"VAUCLAIR J","0"
"VAZIRI-PASHKAM M","0"
"VERBRUGGEN F","0"
"VERHAGEN L","0"
"VERISSIMO J","0"
"VERSCHURE PFMJ","0"
"VIDING E","0"
"VIDNYANSZKY Z","0"
"VIGLIOCCO G","0"
"VISHTON PM","0"
"VOGEL T","0"
"VOHS KD","0"
"VOULOUMANOS A","0"
"WAGNER S","0"
"WAGNER U","0"
"WAHL OF","0"
"WAHLIN A","0"
"WALKER I","0"
"WALKER SF","0"
"WALLIS G","0"
"WALTER H","0"
"WAMSLEY EJ","0"
"WANG GJ","0"
"WANG M","0"
"WANG P","0"
"WANG X","0"
"WANG Y","0"
"WANG Z","0"
"WANT SC","0"
"WARD NS","0"
"WARREN CM","0"
"WARWICK K","0"
"WASHBURN DA","0"
"WASKOM G","0"
"WASS S","0"
"WASSERMANN EM","0"
"WASSILIWIZKY E","0"
"WATERFALL HR","0"
"WATKINS KE","0"
"WATSON D","0"
"WATSON DG","0"
"WATSON NV","0"
"WATSON S","0"
"WATT R","0"
"WEARY DM","0"
"WEINBERG-WOLF H","0"
"WEINBERGER NM","0"
"WEISBERG DS","0"
"WEISBERG M","0"
"WEISKOPF D","0"
"WEISKRANTZ L","0"
"WEISZ E","0"
"WEITZMAN JB","0"
"WELLMAN HM","0"
"WENDEROTH N","0"
"WENGER E","0"
"WERKER JF","0"
"WERKLE-BERGNER M","0"
"WERTZ AE","0"
"WESSEL JR","0"
"WESTBROOK A","0"
"WESTERMANN G","0"
"WEXLER M","0"
"WHALLEY LJ","0"
"WHISHAW IQ","0"
"WHITEHORN M","0"
"WHITEN A","0"
"WHITTLE S","0"
"WIBRAL M","0"
"WICHMANN FA","0"
"WIDGE AS","0"
"WIENER M","0"
"WIESSNER P","0"
"WILCOX T","0"
"WILDING EL","0"
"WILDSCHUT T","0"
"WILKINSON LS","0"
"WILLIAMS P","0"
"WILLINGHAM DB","0"
"WILMES KA","0"
"WILSON C","0"
"WILSON M","0"
"WIMBER M","0"
"WINDT JM","0"
"WING AM","0"
"WING E","0"
"WINOCUR G","0"
"WIRTH S","0"
"WISE RJS","0"
"WOLBERS T","0"
"WOLFF A","0"
"WOLL B","0"
"WOMELSDORF T","0"
"WOOD JN","0"
"WOODRUFF PWR","0"
"WOOLF NJ","0"
"WORKMAN AD","0"
"WOZNIAK RH","0"
"WRIGHT AF","0"
"WU CM","0"
"WULFF DU","0"
"WURM MF","0"
"WYBLE B","0"
"WYBLE S","0"
"WYNNE CDL","0"
"XIE W","0"
"XU L","0"
"XU Y","0"
"XUE G","0"
"YALACHKOV Y","0"
"YAN J","0"
"YANG CD","0"
"YANG HH","0"
"YEO RA","0"
"YERKES BD","0"
"YEUNG HH","0"
"YING J","0"
"YODER KJ","0"
"YOO AH","0"
"YOO S","0"
"YOON JMD","0"
"YOUNG ES","0"
"YOUNG L","0"
"YOUSIF SR","0"
"YU L","0"
"YUDKIN DA","0"
"ZAGHLOUL KA","0"
"ZAGO L","0"
"ZANI A","0"
"ZANTO TP","0"
"ZAPPAROLI L","0"
"ZBOZINEK TD","0"
"ZHANG J","0"
"ZHANG Y","0"
"ZHAO X","0"
"ZHOU X","0"
"ZICH C","0"
"ZILIO F","0"
"ZION-GOLUMBIC E","0"
"ZMIGROD L","0"
"ZORZI M","0"
"ZOSH JM","0"
"ZUBERBUHLER K","0"
"ZWAAN RA","0"